file_name,dapi_ssim,cd3_ssim,panck_ssim,average_ssim,dapi_pearson,cd3_pearson,panck_pearson,average_pearson,dapi_psnr,cd3_psnr,panck_psnr,average_psnr
"[10382,50252]_patch_0_0",0.845611783057246,0.9213110789502668,0.905048592049689,0.8906571513524005,0.8956923420433861,0.6717901079117354,0.9813594551050985,0.8496139683534066,28.227285338571715,27.44539798269663,32.8453079972493,29.505997106172547
"[10382,50252]_patch_0_1",0.8346162777574656,0.9090124387124049,0.9020522523345289,0.8818936562681331,0.8813318733857973,0.7585570188160461,0.9821815678797555,0.8740234866938663,24.748671285897647,27.581349185526953,32.428294371518604,28.2527716143144
"[10382,50252]_patch_0_2",0.6922037453295409,0.8968897081825129,0.8791710517770479,0.8227548350963673,0.7761495472756984,0.7044163626674833,0.9801879647241019,0.8202512915557612,24.030324374625224,27.753328246181105,30.472427644763307,27.418693421856545
"[10382,50252]_patch_0_3",0.6518990096652882,0.8953740554437822,0.87430574421958,0.8071929364428835,0.7226794191697621,0.5250721341032502,0.9761212759913486,0.7412909430881203,22.29604936593722,26.664468401977935,30.311733902169017,26.424083890028054
"[10382,50252]_patch_0_4",0.6666351773243745,0.8849508886124079,0.8832978711549164,0.8116279790305662,0.8055188828662329,0.5772284633027243,0.9774138512531018,0.7867203991406863,22.98250731053868,26.2061614147772,30.76938122767658,26.652683317664152
"[10382,50252]_patch_0_5",0.6972391060270519,0.8977829307878915,0.8842900064326608,0.8264373477492013,0.7860559882554785,0.6999237047962027,0.9785408191387366,0.821506837396806,23.882380571192677,27.551163964880132,30.62284660061294,27.35213037889525
"[10382,50252]_patch_0_6",0.8199598481712425,0.8648418152437416,0.9123564052656787,0.8657193562268876,0.8432663225477205,0.6532357750874759,0.9816092608156989,0.8260371194836318,29.100217902234053,25.301461949551683,32.267161416209376,28.88961375599837
"[10382,50252]_patch_0_7",0.8808725399656796,0.8517261975635007,0.9325275113982266,0.8883754163091356,0.885858705923606,0.7055424665279627,0.9816342323587853,0.8576784682701181,30.904458484481903,24.586183964298037,34.38312288668817,29.957921778489368
"[10382,50252]_patch_0_8",0.8756460521669214,0.8840380000991984,0.9308858640997011,0.896856638788607,0.886327891838047,0.6937025961199463,0.9763918372879454,0.8521407750819797,29.595042053131237,25.660759035254124,34.824965843381285,30.026922310588883
"[10382,50252]_patch_1_0",0.8644844865679542,0.9164620967374022,0.9081559489200678,0.8963675107418081,0.9037098093073368,0.6263653859456046,0.9816898043585754,0.8372549998705057,28.325815278011014,28.176672043504215,33.08586984403186,29.862785721849033
"[10382,50252]_patch_1_1",0.8294218967100587,0.9207946489371736,0.9069512306240416,0.8857225920904246,0.8458033236315774,0.7467800037819495,0.9840275949147407,0.8588703074427558,24.796027517183717,29.703084902373753,32.931008078127846,29.143373499228442
"[10382,50252]_patch_1_2",0.6655996159495198,0.900887988328789,0.8780387050231471,0.8148421031004852,0.7522905148181426,0.6502357281524188,0.9796795134146303,0.7940685854617305,23.33116159633367,28.32905732214243,30.670258361365228,27.443492426613773
"[10382,50252]_patch_1_3",0.6039604425297306,0.9284418278619939,0.8664795881526152,0.7996272861814465,0.6388333720575323,0.5652907962726202,0.9740071824952881,0.7260437836084802,23.334685784231773,29.456210734238585,30.17083435862007,27.653910292363477
"[10382,50252]_patch_1_4",0.6286834101704839,0.9157708954975299,0.8948581972987609,0.8131041676555916,0.7662292214448265,0.6650834436285007,0.9754138625677372,0.8022421758803548,23.84111378345136,29.003671236882752,31.969394974634046,28.271393331656054
"[10382,50252]_patch_1_5",0.7524624480888182,0.8991332511479974,0.9217970605611612,0.8577975865993256,0.8279092582072398,0.605935508168976,0.9806401590930435,0.8048283084897531,27.96723849488638,26.495370587792944,33.51337368196377,29.325327588214364
"[10382,50252]_patch_1_6",0.8878444106561749,0.8797511253730023,0.9368213503393016,0.9014722954561596,0.8237720236593833,0.6312464858338461,0.9818566974559789,0.812291735649736,30.534987020443026,25.250945625388606,34.88857456703899,30.22483573762354
"[10382,50252]_patch_1_7",0.866107578340419,0.8530845121895178,0.922569441353078,0.8805871772943382,0.8826501878906938,0.6732660841861191,0.9784570408135649,0.8447911042967927,28.080268501915484,25.026659257459198,34.00914941231425,29.038692390562982
"[10382,50252]_patch_1_8",0.8499843237796427,0.8525215696767079,0.9179134200980449,0.8734731045181318,0.8708875690593753,0.6110627475079067,0.9752118652786489,0.8190540606153104,27.011060336274006,24.752635210709272,33.81576106563979,28.52648553754102
"[10382,50252]_patch_2_0",0.8106209724634856,0.8811447467463576,0.8988423854251552,0.8635360348783329,0.823362216314092,0.6046012326129183,0.9800392690955656,0.802667572674192,27.21140381453064,26.40325516173354,31.216561038505276,28.277073338256486
"[10382,50252]_patch_2_1",0.7914852606596828,0.9259919701613573,0.8976731666370393,0.8717167991526932,0.8136202621966184,0.5214236630924876,0.981387756958297,0.7721438940824678,24.81181966998086,29.8582235749347,31.22555465480868,28.631865966574747
"[10382,50252]_patch_2_2",0.7336709887984604,0.9484526638381742,0.8886472957828175,0.8569236494731506,0.7786622736867185,0.5484315160489792,0.9769137112208097,0.7680025003188359,24.155357748593026,30.836382054565973,31.309810752573384,28.767183518577458
"[10382,50252]_patch_2_3",0.6557360803360319,0.9356802286701181,0.8707917074348096,0.8207360054803199,0.6685177272569915,0.5986581643667261,0.9742675326862406,0.7471478081033194,24.61342191298412,30.967700942333757,30.494879279236894,28.692000711518258
"[10382,50252]_patch_2_4",0.6940687690973381,0.8830617369646193,0.9109867500094885,0.829372418690482,0.7819371484484692,0.6025570625887221,0.9766278132817273,0.7870406747729729,27.355423823351288,27.633477047614047,33.186070112051695,29.391656994339012
"[10382,50252]_patch_2_5",0.7655021700717227,0.870746313114253,0.9354986739265974,0.8572490523708577,0.8458795832788226,0.6136694287491196,0.9819316389741479,0.8138268836673633,30.133272519695954,25.675907086427173,34.883032496292465,30.230737367471864
"[10382,50252]_patch_2_6",0.8349262072490851,0.9087823333964112,0.9315679856930102,0.8917588421128354,0.8670067554775245,0.6307339407740827,0.9794051383372963,0.8257152781963012,29.85367724181986,26.874824219371213,34.7542668056618,30.49425608895096
"[10382,50252]_patch_2_7",0.8331088985736482,0.8998550858967233,0.9266529134287508,0.8865389659663742,0.8471220716988077,0.6278014807296677,0.9786437726207403,0.8178557750164052,27.89871558703188,26.72847556613998,34.48560396686259,29.70426504001149
"[10382,50252]_patch_2_8",0.8983465532817173,0.8610416041764892,0.9416613438152788,0.9003498337578284,0.8780881436934969,0.5913313263413832,0.9815196480422158,0.8169797060256987,29.467008423007762,24.344847681830736,35.61072755559612,29.80752788681154
"[10382,50252]_patch_3_0",0.7222858302421665,0.8515588776172595,0.8967993303506161,0.8235480127366808,0.7620051420103535,0.5147139940217972,0.9792859243040636,0.7520016867787381,24.544085800968286,25.288487523026934,30.819733698626305,26.88410234087384
"[10382,50252]_patch_3_1",0.6773213071999696,0.8953781883775016,0.8728899180424792,0.8151964712066501,0.7364928444913931,0.5247731102350519,0.9798219721021315,0.7470293089428588,22.435983146760123,28.486819100822522,29.58260119152756,26.835134479703402
"[10382,50252]_patch_3_2",0.8039693134377096,0.9385921509644811,0.8983889649573105,0.8803168097865003,0.8331574304035103,0.49742747975032675,0.9774020729845535,0.7693289943794636,25.085488809580745,30.193703896005953,32.31482676700794,29.19800649086488
"[10382,50252]_patch_3_3",0.7601313429245558,0.8847006818811247,0.8984820762595361,0.8477713670217389,0.787900276408051,0.5088373977471615,0.9794429770946128,0.7587268837499418,25.76553137725395,29.797926685573785,32.68782710995231,29.417095057593347
"[10382,50252]_patch_3_4",0.7417027222075493,0.7712670225053452,0.9176309353798411,0.8102002266975785,0.6799484463601443,0.597171198307269,0.9781795548580036,0.7517663998418055,27.087642908231686,25.582641117665936,34.23570765068388,28.96866389219383
"[10382,50252]_patch_3_5",0.7181004231971634,0.777309556448008,0.9229729526289834,0.806127644091385,0.7434385295616397,0.5955008721627403,0.9805720612780361,0.773170487667472,28.230996097195558,24.00598856823851,34.01147484218572,28.749486502539927
"[10382,50252]_patch_3_6",0.6788064379249973,0.8679388031365182,0.920421769394825,0.8223890034854469,0.7624165411921169,0.6286437478215329,0.9800806516268484,0.7903803135468328,27.15401894292327,25.7442218833507,33.86774020447226,28.92199367691541
"[10382,50252]_patch_3_7",0.7899261520802844,0.900377215927815,0.9423277273165255,0.8775436984415416,0.8148041434493182,0.5672285242181059,0.9820570492636626,0.7880299056436956,28.0973872654734,26.14289835537379,36.1602275211659,30.13350438067103
"[10382,50252]_patch_3_8",0.9470835843842917,0.894458909781645,0.9543518582681207,0.9319647841446859,0.7463483065820142,0.6148052903389934,0.9856220568325879,0.7822585512511985,31.153866314362983,26.068070839633243,36.84543346408172,31.355790206025983
"[10382,50252]_patch_4_0",0.7186080950768402,0.8514305622893867,0.9015444940304282,0.8238610504655517,0.7644025063040649,0.48483381057216746,0.9774916714628527,0.7422426627796951,24.02984872420088,26.560072223369737,31.958826049556805,27.516248999042475
"[10382,50252]_patch_4_1",0.6320410948680906,0.9041488384110408,0.8667109741225065,0.8009669691338793,0.7417505430555611,0.34620881449281404,0.9740822809212321,0.6873472128232024,21.69105188852719,29.469007320376303,30.06438826565054,27.074815824851342
"[10382,50252]_patch_4_2",0.7751375706928805,0.898785775042459,0.8853711087604447,0.8530981514985947,0.7892706110455567,0.31273954764971285,0.9775583443278851,0.6931895010077183,25.6046344169703,29.561714733653773,31.658781954647672,28.941710368423912
"[10382,50252]_patch_4_3",0.8284902615758908,0.8731872434239453,0.917041169919907,0.8729062249732477,0.7805444383151293,0.2878743520560539,0.9777452982210669,0.6820546961974167,26.162319382767144,28.939688962114456,35.415952066685385,30.172653470522324
"[10382,50252]_patch_4_4",0.7595547075831999,0.8118761508257312,0.9154087268255918,0.8289465284115076,0.6726437178079643,0.5753350741134768,0.9765845074082372,0.7415210997765594,24.447879985959396,26.55663459170798,35.093334410083756,28.699282995917045
"[10382,50252]_patch_4_5",0.6625291761090388,0.8284526887784153,0.9024382136285283,0.7978066928386608,0.6976671429361383,0.5843292676520916,0.9786169433517345,0.7535377846466549,26.446812408324874,25.443311861612866,33.09548210641533,28.32853545878436
"[10382,50252]_patch_4_6",0.6177555635185052,0.8687711615417786,0.9127181351089457,0.7997482867230765,0.6778281167732335,0.5574064300795621,0.9810818479168214,0.7387721315898723,26.000721941901087,25.781019211278057,33.290186630217505,28.357309261132215
"[10382,50252]_patch_4_7",0.8050459962968356,0.8608638548431957,0.9446209809248466,0.870176944021626,0.7245770594567935,0.4734855010470805,0.9828612847597393,0.7269746150878711,28.40982168718325,25.077674909448227,36.034759549784866,29.840752048805445
"[10382,50252]_patch_4_8",0.9828152773923163,0.8749195365703287,0.960170997658385,0.93930193720701,0.7943145447273051,0.5421421632291368,0.9860316025256521,0.774162770160698,36.4302905280867,25.67232255761293,38.243524600563084,33.44871256208757
"[10382,50252]_patch_5_0",0.7573529221143548,0.7917768862492598,0.8986430765716031,0.8159242949784059,0.7731054536774987,0.34135264431716844,0.9751729568624634,0.6965436849523768,24.797127845078364,25.141610713778345,32.16215339659806,27.36696398515159
"[10382,50252]_patch_5_1",0.7551311529219328,0.9201767399370351,0.876812384665902,0.8507067591749565,0.7756815551925097,0.38692232299669643,0.9757545522891062,0.7127861434927708,25.879654300967356,30.447633833707116,30.825883883535443,29.051057339403304
"[10382,50252]_patch_5_2",0.8206237168370809,0.9021774877521022,0.8918102844135524,0.8715371630009118,0.8355215850224508,0.31913129765903914,0.9784975103888874,0.711050131023459,26.501991043563606,31.651525732042995,32.3496337395605,30.167716838389037
"[10382,50252]_patch_5_3",0.8983490317369861,0.9374085994653117,0.9257818114384505,0.9205131475469162,0.880084470563751,0.4098986410957126,0.9783613320607593,0.7561148145734077,26.24725807466494,33.29769638911997,36.87550004960561,32.14015150446351
"[10382,50252]_patch_5_4",0.7917875454423593,0.9328667373128519,0.9236547007752941,0.8827696611768351,0.6548593742459963,0.6059295103156105,0.975691433559012,0.7454934393735396,22.028995414428742,30.8997253507999,36.729082331456524,29.885934365561724
"[10382,50252]_patch_5_5",0.5312807941451541,0.9064567952804056,0.9002636802901361,0.7793337565718986,0.5212560550992797,0.577930727888318,0.9781265656710161,0.6924377828862047,21.731609358913104,28.19031414869256,33.02295890309739,27.64829413690102
"[10382,50252]_patch_5_6",0.6167799331159528,0.8771548400939844,0.9124586328230727,0.8021311353443367,0.6494412099707173,0.570574194085445,0.981166305653834,0.7337272365699988,24.66970362703769,25.76405420826258,32.939186318459164,27.790981384586477
"[10382,50252]_patch_5_7",0.8406779260597301,0.8404514244589241,0.9422342278750556,0.8744545261312365,0.7349100195108124,0.5408229549591249,0.9837105019741853,0.7531478254813742,27.837191892372076,24.26233973891896,35.345469827137975,29.148333819476335
"[10382,50252]_patch_5_8",0.9384198698917218,0.8761254925293331,0.9523088415165795,0.9222847346458781,0.8855627727574433,0.5071553093332608,0.9861222358437712,0.7929467726448252,31.437457358607354,25.760160672251757,36.452912688871876,31.216843573243665
"[10382,50252]_patch_6_0",0.8351272317651732,0.8650946136213984,0.9028494224097453,0.8676904225987724,0.7854000180912825,0.28911254963202965,0.979663756337584,0.684725441353632,25.630059369909514,27.45516122067023,33.07320368259723,28.71947475772566
"[10382,50252]_patch_6_1",0.8673360503895952,0.9489382271694072,0.912294135700829,0.9095228044199438,0.8438543963664372,0.2955927998187174,0.9805226049444903,0.7066566003765483,26.77668611531893,33.390413778436695,33.9832065255151,31.38343547309024
"[10382,50252]_patch_6_2",0.9257922462960217,0.9542909685067223,0.9309503007176665,0.9370111718401368,0.9242176220214454,0.2289618699282693,0.9773229329602104,0.710167474969975,26.946448400603238,34.710862995546705,37.937503846644475,33.19827174759814
"[10382,50252]_patch_6_3",0.9615014609787944,0.9805002451970218,0.9410828869180403,0.9610281976979523,0.9377140822244991,0.21819691487126888,0.9754612375408546,0.7104574115455408,28.104101960998,40.18215696193681,41.21095553222495,36.49907148505326
"[10382,50252]_patch_6_4",0.8557796423138886,0.9582049491942952,0.9332783272550103,0.915754306254398,0.7443608483816608,0.08956745725648547,0.9785888251974084,0.6041723769451849,23.705103378387097,35.35760601957335,38.56601365858467,32.54290768551504
"[10382,50252]_patch_6_5",0.6489806118199793,0.9055266947406819,0.8997923772415521,0.818099894600738,0.643927147653384,0.4448910767897985,0.9792382432838747,0.6893521559090191,22.437265062942387,29.457582420249082,33.019816596762,28.304888026651156
"[10382,50252]_patch_6_6",0.6429185164151355,0.8422814321125418,0.902050705814807,0.7957502181141615,0.6865719649675789,0.5207054332359531,0.9787455295352714,0.7286743092462679,22.516629397948094,25.38493215053589,32.31314126289043,26.73823427045814
"[10382,50252]_patch_6_7",0.8316363742191986,0.8714432169456822,0.925452764340724,0.8761774518352016,0.8278984455090352,0.6106526223658947,0.9817286826948021,0.8067599168565773,26.646298857363433,25.930965931686202,33.84982794775267,28.809030912267435
"[10382,50252]_patch_6_8",0.8356792591046427,0.8977614917838834,0.91554343060632,0.8829947271649488,0.8712075520031769,0.6152218799289633,0.981293362034952,0.8225742646556974,25.91188399987081,28.02441100576332,32.9239155554902,28.953403520374774
"[10962,52167]_patch_0_0",0.5918935115172149,0.7910619150107916,0.9393722964235895,0.7741092409838654,0.6655592407189274,0.6673896595828797,0.9794320476693406,0.7707936493237159,22.563711094091254,23.2262193110769,37.51412201685306,27.76801747400707
"[10962,52167]_patch_0_1",0.6522444284021708,0.8009574273080144,0.9477668404424981,0.8003228987175612,0.8237429968338436,0.6638996727981397,0.9816384850760215,0.8230937182360015,25.743394682127185,22.70191471195165,39.03220086562645,29.159170086568427
"[10962,52167]_patch_0_2",0.6936059216062075,0.7681131329310176,0.9520833158117724,0.8046007901163325,0.7838219365670813,0.6048708259128318,0.9841413435588204,0.7909447020129111,23.70647322882582,21.460428545188314,39.54102979077993,28.235977188264687
"[10962,52167]_patch_0_3",0.7787702012138158,0.7752605017234125,0.9378003441995763,0.8306103490456015,0.8343895490525948,0.5387045816051652,0.981039830254485,0.7847113203040816,23.88026212370977,21.656449615394706,36.80778234472435,27.448164694609613
"[10962,52167]_patch_0_4",0.8022223120207644,0.7846316115336576,0.9379882095302157,0.8416140443615459,0.8667498384672087,0.5889536059254802,0.9812117163407538,0.8123050535778141,24.61997287946334,22.222077273121826,37.231222112659175,28.02442408841478
"[10962,52167]_patch_0_5",0.7839585940956106,0.8136454761144244,0.949439497282913,0.8490145224976494,0.8378068452598642,0.5733287872097735,0.9831082501260757,0.7980812941985711,22.810171187512264,23.994921897558385,39.32228055803335,28.709124547701332
"[10962,52167]_patch_0_6",0.7544830895663989,0.8101122988679115,0.9557960455189256,0.840130477984412,0.7275576306920368,0.549359697611525,0.9833187386146744,0.7534120223060787,20.608385412808083,23.325435911119694,40.55878336970074,28.16420156454284
"[10962,52167]_patch_0_7",0.8210291050578454,0.7705338529837158,0.9542489098899238,0.8486039559771618,0.3920709897236926,0.616721151277486,0.983044940148066,0.6639456937164149,21.59861820420762,22.153155404721467,40.5062897636878,28.08602112420563
"[10962,52167]_patch_0_8",0.8832512006950107,0.7964928069320554,0.9546215747938526,0.8781218608069729,0.1813666404136467,0.5773266156793837,0.9836989232083534,0.5807973931004612,24.053931861373023,22.56537700127773,40.26085991247976,28.960056258376838
"[10962,52167]_patch_1_0",0.672313200742205,0.8406598227136043,0.9453053665474013,0.8194261300010702,0.6885676156721604,0.6515606302222716,0.9792356549499968,0.7731213002814762,23.781036793818213,25.287250156576352,38.54264302051044,29.203643323635003
"[10962,52167]_patch_1_1",0.7039935922724068,0.8748625251194965,0.942852020313432,0.8405693792351118,0.8014374741137651,0.6886930922100417,0.9799744344854331,0.82336833360308,25.15816660340985,25.10893797366997,38.39604844793846,29.554384341672762
"[10962,52167]_patch_1_2",0.7219670912517561,0.8416983287151607,0.9415612672220389,0.8350755623963185,0.811692945842419,0.611817039663824,0.9806281791872954,0.8013793882311795,24.91362326196793,23.8243659456157,38.375533331140815,29.037840846241483
"[10962,52167]_patch_1_3",0.7979680386895248,0.7154341455094324,0.9384364076726129,0.8172795306238566,0.8206955641566428,0.5166337352759124,0.9797230120631139,0.7723507704985564,24.282113792660333,20.260276507258443,37.911532731022014,27.484641010313595
"[10962,52167]_patch_1_4",0.7850068258254274,0.6657492325505397,0.940525414495494,0.7970938242904871,0.72483696137102,0.5240335510693352,0.9817978074632959,0.7435561066345504,22.365819863422004,19.68577069742869,38.72421536887157,26.925268643240756
"[10962,52167]_patch_1_5",0.7892350840591567,0.7587082927466606,0.9485788900562051,0.8321740889540075,0.710420073264904,0.49328378214212626,0.983626893502044,0.7291102496363582,22.42241506589123,21.952660098510627,40.243107480677295,28.20606088169305
"[10962,52167]_patch_1_6",0.7356899667489821,0.7786854551291006,0.9520544232117031,0.8221432816965953,0.6148965539767809,0.48607387631862853,0.9827424521226369,0.6945709608060154,20.486970760846027,22.36641939654596,40.51965962005431,27.791016592482098
"[10962,52167]_patch_1_7",0.7031262784093822,0.7359480698668031,0.9496112939239604,0.7962285474000486,0.3891566605434885,0.5594635524926701,0.9830303888062795,0.6438835339474793,20.02025884018562,21.278047540017266,40.370410097473254,27.222905492558713
"[10962,52167]_patch_1_8",0.8462263137281953,0.7306873714514917,0.9496976220354798,0.8422037690717223,0.5732305398131097,0.6346754248315281,0.9834327131259021,0.7304462259235133,25.025966860899985,20.973174457407964,40.47258245904993,28.82390792578596
"[10962,52167]_patch_2_0",0.659456255271236,0.8211846220833561,0.9491112259800616,0.8099173677782178,0.6806546710313247,0.685197253822254,0.9801850137008778,0.7820123128514855,22.93296800009838,23.52491049407224,38.386315535708356,28.28139800995966
"[10962,52167]_patch_2_1",0.7193523832223027,0.8889228764339342,0.9368614013844544,0.8483788870135638,0.7828210204623158,0.6502742882364052,0.979154265385061,0.8040831913612606,24.2025054299692,25.722129424361775,36.838217103455165,28.92095065259538
"[10962,52167]_patch_2_2",0.7189578337489959,0.8823653158893087,0.9291378504361046,0.843487000024803,0.78204649018058,0.5515432491082762,0.9775037580741863,0.7703644991210142,23.81593852439941,25.33797870443657,36.72077157616251,28.624896268332833
"[10962,52167]_patch_2_3",0.7727429609115588,0.7613652435781054,0.9382894533481481,0.8241325526126041,0.8002811712471775,0.5510208062780881,0.9797732096209942,0.7770250623820866,23.735746093001694,21.406831132083358,38.04065367193993,27.727743632341657
"[10962,52167]_patch_2_4",0.7693353241487986,0.7023726427051459,0.9443058303303524,0.8053379323947656,0.6533039894881051,0.5465278140054913,0.9826366424514438,0.7274894819816801,22.258433769868695,20.51610848033493,39.29651705988462,27.357019770029414
"[10962,52167]_patch_2_5",0.8405249601717555,0.74059065251471,0.9508645488485741,0.8439933871783465,0.20807245080229264,0.5138070990835545,0.9841067269433721,0.5686620922764064,22.936702621931182,21.58753632418128,40.572981741321556,28.365740229144674
"[10962,52167]_patch_2_6",0.6615351568040587,0.8254344239454913,0.9553269207544555,0.8140988338346684,0.6001024798950992,0.5253784720030709,0.9832688847934906,0.7029166122305536,19.818187436737556,23.675343598311795,40.89662822838114,28.130053087810165
"[10962,52167]_patch_2_7",0.6103300116986827,0.8559061946613474,0.9441517536128906,0.8034626533243069,0.7778877461930683,0.542541598213685,0.9815932979142868,0.76734088077368,20.548383617216466,24.996513098260415,39.28886206006855,28.277919591848477
"[10962,52167]_patch_2_8",0.6233462312012022,0.7978142977213806,0.9483998576075565,0.7898534621767132,0.6933278611491489,0.6082624611381232,0.9813968674636392,0.7609957299169704,20.04424537586097,22.249322893792197,40.45888360362223,27.58415062442513
"[10962,52167]_patch_3_0",0.6394021310558081,0.812484283616728,0.9555884716767379,0.8024916287830913,0.7449844419096249,0.7200215438562962,0.9830027091752062,0.816002898313709,23.346367097600066,23.010517543556706,40.147503120553495,28.834795920570087
"[10962,52167]_patch_3_1",0.6830543887335258,0.8332190682761395,0.9514765249606839,0.8225833273234496,0.7977852890911417,0.6649903838274751,0.9830737266296834,0.8152831331827667,23.733702235401125,23.334003226359393,39.46489376722865,28.84419974299639
"[10962,52167]_patch_3_2",0.8080006044771819,0.7799280847649471,0.9386524418309183,0.8421937103576824,0.8737419724298845,0.537342362222449,0.9810113396112196,0.7973652247545178,26.730671263375395,21.794559182126164,37.92139322476095,28.815541223420837
"[10962,52167]_patch_3_3",0.8004370089433938,0.7231812602506383,0.9475902221206958,0.823736163771576,0.8020824671418845,0.502129048418683,0.9827784833325122,0.7623299996310265,23.905555567601546,20.834863884135274,39.751924036831106,28.16411449618931
"[10962,52167]_patch_3_4",0.8461545117619567,0.7367397824573114,0.9544180442044976,0.8457707794745885,0.6736687123454868,0.5550071240712864,0.9847901212748165,0.7378219858971965,24.405029720913802,21.67764343340356,40.51806041106342,28.86691118846026
"[10962,52167]_patch_3_5",0.7332501250772858,0.8147320908082493,0.9561604033170339,0.8347142064008564,0.6981870995750309,0.6157849389948471,0.9845088642974363,0.7661603009557715,22.08170891624462,23.34690469280758,40.92661427326681,28.785075960773003
"[10962,52167]_patch_3_6",0.7151519435606637,0.9184199356450413,0.9432878707463821,0.858953249984029,0.8425420636501707,0.7316794715424279,0.9816711168943572,0.8519642173623185,22.84460218344241,28.6052882144207,39.632258016733914,30.36071613819901
"[10962,52167]_patch_3_7",0.6636554961014736,0.911536590961888,0.9401838870744592,0.8384586580459402,0.8230430863952015,0.7028982233515634,0.9799490697439729,0.8352967931635793,21.71089205795631,27.775004460956637,39.419586566857866,29.63516102859027
"[10962,52167]_patch_3_8",0.6515909152910868,0.8467257823619133,0.9528581610345842,0.8170582862291949,0.8051986252945816,0.5603269132791331,0.9812634050756173,0.782262981216444,20.765288128864047,24.419091256469386,41.30217276123824,28.82885071552389
"[10962,52167]_patch_4_0",0.7390742173365225,0.8712815032249936,0.9550780490113476,0.8551445898576212,0.7703752133782908,0.6640756383102212,0.9836922014709675,0.8060476843864932,24.097622525424605,25.108151799834793,41.85331974636383,30.353031357207744
"[10962,52167]_patch_4_1",0.7621890066905639,0.8311861872908353,0.9558018948274395,0.8497256962696129,0.7471461417040851,0.6406412283123267,0.9847945485142704,0.7908606395102273,23.741502092133207,23.567113676975282,41.42663532994056,29.578417033016347
"[10962,52167]_patch_4_2",0.8516895744237071,0.7434848627589203,0.9501490851739658,0.8484411741188644,0.7500572164080211,0.5337640687802945,0.9831356205973678,0.7556523019285611,25.80146347329819,21.482393290675503,40.266683378837634,29.183513380937104
"[10962,52167]_patch_4_3",0.8334071266600956,0.7970002513303375,0.9519622730345193,0.8607898836749842,0.8003255133565214,0.5043548212037889,0.9828569180228998,0.7625124175277368,22.605908686668613,22.798500890714273,40.998726964101266,28.801045513828047
"[10962,52167]_patch_4_4",0.7871470576591095,0.857666878572566,0.9536552073165072,0.8661563811827276,0.8928778772769068,0.6194595377168074,0.9827846093266666,0.8317073414401269,21.860009776471397,25.531747475370764,41.392663823878394,29.594807025240186
"[10962,52167]_patch_4_5",0.7677447856189621,0.8995121461519291,0.9388835296846177,0.8687134871518363,0.8788303812706494,0.7020870986088243,0.9788520163293786,0.8532564987362842,23.912307342853385,27.62037327087146,38.95755359158143,30.16341140176876
"[10962,52167]_patch_4_6",0.6674108352525623,0.9501825515630201,0.9329416389526143,0.8501783419227323,0.8297336417943394,0.7660199693447853,0.9773297357275788,0.8576944489555679,22.01091000792936,30.901369900772057,38.416082373049065,30.442787427250163
"[10962,52167]_patch_4_7",0.7540893423750008,0.8792747949428116,0.9473288145597462,0.8602309839591862,0.8696949973345367,0.6368312232819201,0.9794422602814501,0.8286561602993023,23.60363832082748,25.68630958357142,40.67107124619448,29.987006383531128
"[10962,52167]_patch_4_8",0.8323636609818154,0.8210694358524498,0.9537526196125586,0.8690619054822747,0.8416639289007596,0.6043574136158476,0.981487783443626,0.809169708653411,23.737668972550146,23.33899877717668,40.38655233472623,29.154406694817684
"[10962,52167]_patch_5_0",0.8067614822301422,0.9314188875336247,0.9463961874074248,0.8948588523903972,0.8469916987906797,0.37079529094730634,0.9825231502770126,0.7334367133383329,23.875234894165583,28.856787722733856,41.43020721363869,31.38740994351271
"[10962,52167]_patch_5_1",0.7878279688181486,0.8926573039630384,0.9488844861844502,0.8764565863218791,0.9097482821624614,0.521852674508281,0.981459199162744,0.8043533852778287,22.98532552477592,26.142927915375193,40.9321620846533,30.020138508268136
"[10962,52167]_patch_5_2",0.7823548351535738,0.8690134050689982,0.952946027308243,0.8681047558436049,0.8294954374527537,0.5108043315297697,0.9802375652645052,0.7735124447490095,22.03416587366551,25.504707636463344,40.8203756228998,29.453083044342886
"[10962,52167]_patch_5_3",0.7773055449874096,0.8682844040500793,0.954621627507965,0.866737192181818,0.8366226930513736,0.6041416069066738,0.9846342389725379,0.8084661796435285,21.49151991412376,25.598426918996427,41.69474692314141,29.594897918753862
"[10962,52167]_patch_5_4",0.7989748019667707,0.8643955494950434,0.9550691344389611,0.872813161966925,0.9120365938596384,0.6456293846446867,0.984626303195834,0.8474307605667196,22.360924073123453,25.509372734119427,41.582696808423805,29.81766453855556
"[10962,52167]_patch_5_5",0.7850755363276549,0.8983415213820799,0.9513616947956978,0.8782595841684775,0.9149230013585398,0.6709845781807035,0.9814349876498675,0.8557808557297036,23.29366356925158,27.64078576837697,40.960179566021964,30.631542967883505
"[10962,52167]_patch_5_6",0.6791147334878785,0.9325988042065309,0.947861524577786,0.8531916874240651,0.7891472202192988,0.5473830694925684,0.977913091024499,0.7714811269121221,21.16065284516533,29.66418562153603,40.38207920531288,30.402305890671414
"[10962,52167]_patch_5_7",0.7400711471948265,0.8936382636187346,0.9578376696786124,0.8638490268307244,0.7996527689465052,0.539222727714034,0.9803565117948889,0.7730773361518093,21.59056600394438,26.487837004187842,41.56877327508022,29.88239209440415
"[10962,52167]_patch_5_8",0.9258739939132409,0.8732248013164036,0.9503970312881282,0.9164986088392576,0.7107195080019568,0.5791174294704866,0.9789379467314276,0.7562582947346237,26.55871174796198,25.119602499666325,37.20337063583165,29.627228294486653
"[10962,52167]_patch_6_0",0.7992401530003502,0.863709424072519,0.9547085990475909,0.8725527253734867,0.8356539550240593,0.5524025409768196,0.9823775686339642,0.7901446882116142,23.531275733844247,24.67309584839181,41.81230471771099,30.005558766649017
"[10962,52167]_patch_6_1",0.7835630703081087,0.8755600874036242,0.9478348254728662,0.8689859943948663,0.914021767761588,0.5592751712618128,0.9821074476349821,0.8184681288861276,22.87409011061086,25.459636294973777,40.36292782093583,29.56555140884016
"[10962,52167]_patch_6_2",0.7762839071137009,0.8964061374835446,0.9404378690140913,0.8710426378704456,0.8834014805221075,0.5375135249635565,0.9796085360547426,0.8001745138468023,23.28755671702488,26.992346884983736,39.14819278615714,29.809365462721917
"[10962,52167]_patch_6_3",0.8011886882177076,0.8595191972875651,0.9469583684354542,0.8692220846469089,0.8910008156447613,0.591916612495523,0.9816880825045889,0.8215351702149577,24.50107125381887,25.27737875362609,40.00415325622935,29.927534421224767
"[10962,52167]_patch_6_4",0.8385241302152302,0.8554842979949314,0.9516930135141372,0.8819004805747662,0.9137699488497365,0.62405784823599,0.983677787421226,0.8405018615023175,25.355200548101582,24.87892524056562,40.78061804075066,30.338247943139283
"[10962,52167]_patch_6_5",0.7476798356412008,0.9065911733471896,0.9522891728067461,0.8688533939317122,0.858619528180737,0.6033144347190885,0.982683908614513,0.8148726238381129,22.793441726770006,27.18369259348996,41.83958033986179,30.60557155337392
"[10962,52167]_patch_6_6",0.5906897621484242,0.9107656001093889,0.9569155020737049,0.8194569547771726,0.5484215117630871,0.3797098196656383,0.9789483420791242,0.6356932245026164,19.072277982375102,27.471646664886535,42.24946342439316,29.59779602388493
"[10962,52167]_patch_6_7",0.8215549098544818,0.9110640813436212,0.9594933160560045,0.8973707690847025,0.693655872053815,0.4339872223948799,0.9777221657721475,0.7017884200736141,22.66040397431858,27.348850872926022,40.93823239761385,30.315829081619484
"[10962,52167]_patch_6_8",0.9594684775856279,0.9199824397584324,0.949992330830965,0.9431477493916751,0.5649199463634755,0.5185812780115641,0.9748232786931829,0.6861081676894075,30.7884488430696,27.59230872347539,35.91787591688232,31.432877827809104
"[16705,49971]_patch_0_0",0.8688506781897888,0.8597960539646806,0.9537446012777946,0.8941304444774213,0.6396950164650506,0.5454938056972002,0.9796477160955303,0.7216121794192604,28.181356056722116,24.358335480502006,40.44084051742865,30.993510684884257
"[16705,49971]_patch_0_1",0.8397438837483534,0.8587010939864035,0.9503662642378676,0.8829370806575415,0.8418187033357163,0.4837736714533554,0.981013956901301,0.7688687772301241,27.997166081548336,24.361512051324922,38.968447502282274,30.442375211718513
"[16705,49971]_patch_0_2",0.7078253280062724,0.8724682404564551,0.9482155529088719,0.8428363737905332,0.8334189639949519,0.5493828968172778,0.9823345248552015,0.788378795222477,28.04409833697758,25.23453659613162,38.07924123327969,30.452625388796296
"[16705,49971]_patch_0_3",0.6319107880717542,0.8570404539449952,0.9532548697154791,0.8140687039107428,0.5584913174445657,0.5474479633856126,0.9813959426316504,0.6957784078206096,29.66988420141067,24.591747978018486,38.93055229163932,31.064061490356163
"[16705,49971]_patch_0_4",0.5943264837276276,0.8198793645555513,0.9514576320751382,0.7885544934527724,0.6016771938901426,0.6107212793611956,0.9821360769408324,0.7315115167307235,25.602611779059647,23.515458770117014,38.66025983672765,29.259443461968104
"[16705,49971]_patch_0_5",0.6362436302503562,0.8098400460015288,0.9500616499637369,0.7987151087385406,0.6296613834964142,0.6148982781171386,0.9853056996939178,0.7432884537691568,24.97733791274947,23.343333773085803,37.68152095269943,28.667397546178233
"[16705,49971]_patch_0_6",0.7966009299268769,0.8250702705924291,0.9561585107995395,0.8592765704396151,0.624887172993136,0.484262018316507,0.9853446776393582,0.6981646229830004,26.227682122208943,23.42232273561838,38.38443409309027,29.3448129836392
"[16705,49971]_patch_0_7",0.8938903518023015,0.8606723686828769,0.9500315287450863,0.9015314164100882,0.8720037550340111,0.5786573504189975,0.9809002812739732,0.8105204622423273,29.525234049225627,24.664673023998343,37.82379229084585,30.671233121356607
"[16705,49971]_patch_0_8",0.7542318984695215,0.8916900734139616,0.919896578044857,0.8552728499761133,0.8172213075946775,0.6025566433333037,0.9771558736605648,0.7989779415295152,24.759886163215864,26.61039950858562,34.436938117435794,28.602407929745755
"[16705,49971]_patch_1_0",0.8840779169006554,0.8480384526933894,0.9553637356744268,0.8958267017561572,0.5920536702257926,0.5693613198929597,0.9811881493610211,0.7142010464932578,29.18205871222775,24.31054663658184,40.671211003976246,31.387938784261944
"[16705,49971]_patch_1_1",0.8946012053813598,0.8450789204676902,0.9595879810827301,0.8997560356439266,0.7104346775599032,0.5698384707215924,0.9830681356795723,0.7544470946536893,31.029896459006174,23.97128527251602,41.003770573236224,32.00165076825281
"[16705,49971]_patch_1_2",0.7163212857344861,0.8505967231388076,0.9566946724121652,0.8412042270951531,0.6621864347918559,0.5543665601843258,0.98408054497557,0.7335445133172506,30.913221471248967,24.3838487875151,39.6608387240767,31.65263632761359
"[16705,49971]_patch_1_3",0.5127446566100988,0.8649562353232264,0.9530609256805103,0.7769206058712785,0.07062556028475335,0.5530117977489759,0.9823454967122671,0.5353276182486654,29.673853482709035,25.41331645887915,38.863485204967674,31.316885048851955
"[16705,49971]_patch_1_4",0.3497890082763743,0.8290559792868343,0.9515163414419341,0.7101204430017143,0.05915078519822273,0.5989443962566651,0.9797418553217211,0.5459456789255362,25.11819540285419,24.001672473587924,39.601825023733426,29.573897633391848
"[16705,49971]_patch_1_5",0.3051691143765952,0.7584204281502424,0.9431373220701965,0.668908954865678,0.3616553652537579,0.5692179191793446,0.9828496934635277,0.6379076592988767,23.136837333472982,21.98823465507312,37.49243707805497,27.539169688867023
"[16705,49971]_patch_1_6",0.59676659856979,0.7407420197715817,0.9441755637658305,0.760561394035734,0.5638623552742013,0.5322934673572709,0.9841543288679199,0.693436717166464,25.01681809694616,21.500824853984923,36.66667111117598,27.728104687369022
"[16705,49971]_patch_1_7",0.8550084537570438,0.786785063974104,0.9525877119903468,0.8647937432404982,0.8354651623039143,0.5510652724972757,0.982991294631185,0.7898405764774582,29.992135109871963,22.41227979350944,38.07568352942588,30.160032810935764
"[16705,49971]_patch_1_8",0.7829012362968885,0.8213406977099118,0.9417031444128156,0.8486483594732053,0.8436855280654164,0.5309095569752799,0.9815756086073244,0.7853902312160068,29.86504237829419,23.611465097441126,36.62303034186061,30.033179272531978
"[16705,49971]_patch_2_0",0.8410615475999099,0.7698860457988018,0.9499902911500319,0.8536459615162478,0.5595470333225261,0.48705628071176693,0.9819836010643055,0.6761956383661994,27.067184664704982,22.109437207039683,38.54326419522327,29.239962022322647
"[16705,49971]_patch_2_1",0.7522770481749482,0.8100347725030514,0.9452985500444827,0.8358701235741607,0.6194007947370839,0.4429515458593605,0.9822361372939592,0.6815294926301346,23.99297486012854,23.024853814731983,37.01925376887364,28.012360814578056
"[16705,49971]_patch_2_2",0.6891925839981462,0.8253386574096063,0.9461672573467698,0.8202328329181742,0.6502691001361659,0.49649542581935313,0.9840437941875771,0.7102694400476987,24.44593781096389,23.62304511764945,36.6202331317097,28.22973868677435
"[16705,49971]_patch_2_3",0.6513424385701775,0.8252162175294315,0.9536074842181945,0.8100553801059345,0.6806781613130654,0.5440979613491452,0.9844424769200442,0.7364061998607516,27.747059119962522,23.781470074539214,38.1329827183751,29.887170637625612
"[16705,49971]_patch_2_4",0.5020453484282531,0.8527005621912376,0.9568354276440697,0.7705271127545202,0.41828707451982744,0.5608130335447774,0.9833013012466606,0.6541338031037552,23.859246120783023,25.351526695220446,38.99424489605218,29.401672570685218
"[16705,49971]_patch_2_5",0.3665709440791743,0.7677719073691406,0.9487058454278624,0.6943495656253925,-0.006048525061907856,0.5809998965300707,0.9837110935525325,0.5195541550068984,23.478218025463544,21.51247199843199,37.363620078121045,27.451436700672193
"[16705,49971]_patch_2_6",0.47039833251066776,0.7104900028833001,0.941532127830727,0.707473487741565,-0.008505433001498777,0.5734510663622905,0.9830191475662037,0.5159882603089985,26.8983340090891,20.571379606051394,36.33242059172689,27.93404473562246
"[16705,49971]_patch_2_7",0.6866810908541469,0.7541864048585513,0.9506684699894534,0.7971786552340504,0.034943831008555755,0.5844770819531684,0.9844914509334375,0.5346374546317206,31.81165082663118,21.43554704449633,37.72886370926575,30.325353860131088
"[16705,49971]_patch_2_8",0.7534896942563533,0.7536801697564077,0.9486786146183446,0.8186161595437019,0.05467470151800578,0.5454941470927278,0.9841337444653181,0.5281008643586839,34.10758619605232,21.595752616573677,37.26906174804593,30.99080018689064
"[16705,49971]_patch_3_0",0.8228215112020163,0.6744548576386513,0.9382245139555953,0.8118336275987543,0.6246238808682614,0.5060271019041164,0.9798544607163641,0.7035018144962474,26.192307431866535,19.63554429745498,36.92566024818707,27.584503992502864
"[16705,49971]_patch_3_1",0.7446386093080813,0.7772846654710602,0.9356118018100784,0.8191783588630733,0.6232398867235973,0.5463525395776946,0.98139128988822,0.7169945720631706,23.196426853916407,22.464012057952594,35.87325595701968,27.177898289629564
"[16705,49971]_patch_3_2",0.8200181315877637,0.7911305106322546,0.9395338272294139,0.8502274898164774,0.719375022805332,0.5089809044946664,0.9831908017057294,0.7371822430019094,24.99281842768738,23.240784329337064,35.58196342002246,27.938522059015636
"[16705,49971]_patch_3_3",0.8580410570423843,0.797066504028707,0.9507588845021065,0.8686221485243993,0.8441351250973413,0.5578735630597348,0.9844257767054658,0.7954781549541806,27.851418488816066,22.778534414696303,37.134796017375415,29.254916306962595
"[16705,49971]_patch_3_4",0.7841365251438343,0.8179425613928931,0.9562312794323552,0.8527701219896943,0.7036776955236779,0.5270394889876862,0.9850104698332778,0.7385758847815472,25.15964814724933,23.09919676091537,38.05230543315864,28.77038344710778
"[16705,49971]_patch_3_5",0.7073495473093236,0.7728576693931041,0.9534485295347491,0.811218582079059,0.0071179421942647704,0.591658128676663,0.9855939554565922,0.5281233421091733,26.362540050275392,21.548996313097824,36.86759444462386,28.25971026933236
"[16705,49971]_patch_3_6",0.6658868944378229,0.749379539621474,0.9483015416977606,0.7878559919190192,0.11229919393930106,0.6180477887954052,0.9843579232476063,0.5715683019941041,29.65414512825497,21.196228974114383,36.67278581322988,29.17438663853308
"[16705,49971]_patch_3_7",0.7420728282959136,0.795196502746241,0.9544094323942978,0.8305595878121507,0.47391649647499484,0.6471939940329633,0.9843997900230776,0.7018367601770118,31.274549485694436,21.983584367565005,38.15729538684398,30.471809746701137
"[16705,49971]_patch_3_8",0.8325462125291514,0.7752378070109748,0.9558859100377037,0.8545566431926099,0.5317337159867677,0.5928662578237676,0.984570216979651,0.7030567302633953,33.3812977604574,22.00533489299554,38.342876686616655,31.243169780023198
"[16705,49971]_patch_4_0",0.9358998459856099,0.6265513212584835,0.9370690312443407,0.8331733994961447,0.6624661445782198,0.5410780037090394,0.9800662507880862,0.7278701330251152,32.54837554951263,18.66572864098689,36.35941453208068,29.19117290752673
"[16705,49971]_patch_4_1",0.9164267490933923,0.722702863667095,0.947489960777593,0.8622065245126934,0.5146491122375154,0.5358601270711826,0.9840031663680815,0.6781708018922599,29.50420937658305,20.656902062307793,37.26769663691548,29.142936025268778
"[16705,49971]_patch_4_2",0.9303811032428984,0.7653266833184247,0.9494867780041479,0.8817315215218237,0.0557978987343721,0.486805404975033,0.9850040808278526,0.5092024615124192,31.849418794125548,22.38835572454906,36.86837358027078,30.368716032981798
"[16705,49971]_patch_4_3",0.9069563774828466,0.786901632531215,0.9489833871127813,0.8809471323756144,0.84665462597867,0.5597340320554843,0.9842806614838661,0.7968897731726735,30.866596783646003,22.297423035263332,36.880227721575146,30.0147491801615
"[16705,49971]_patch_4_4",0.9213542308713405,0.8014743284674486,0.9545887457160451,0.892472435018278,0.8723052515687522,0.6147498174463136,0.9849937565756832,0.8240162751969163,31.48265104474688,22.294905866459054,37.752638164225964,30.510065025143962
"[16705,49971]_patch_4_5",0.9598438031488243,0.791964070244293,0.959329326897878,0.9037124000969984,0.00019126633074271893,0.615422110463726,0.9861971364667113,0.5339368377537267,44.83813206041171,22.238794800367117,38.393140186164054,35.15668901564763
"[16705,49971]_patch_4_6",0.892935218439156,0.7944599228344255,0.9545511829665557,0.8806487747467124,0.7871898369406644,0.5994275282827631,0.9846289110560202,0.7904154254264825,30.73297210769408,22.049506352927306,37.792694778682254,30.191724413101213
"[16705,49971]_patch_4_7",0.862425222301734,0.8603974348446785,0.9452010634770638,0.8893412402078255,0.8938990624423335,0.6384434552422675,0.981565622226241,0.8379693799702806,30.387919409180405,24.0417880784757,36.59669920049811,30.34213556271807
"[16705,49971]_patch_4_8",0.9052001455360996,0.8707479476681544,0.9535807147853939,0.9098429359965493,0.9150516405371495,0.6328177843992425,0.9812559963283662,0.8430418070882527,31.703894937473397,25.28506468539326,38.146895108670165,31.71195157717894
"[16705,49971]_patch_5_0",0.8673966716867926,0.7141353461679133,0.9397199593568101,0.840417325737172,0.6241005106326912,0.5471542551718636,0.9801103574861605,0.7171217077635718,26.41383360692924,20.140115324102293,36.9482771259396,27.83407535232371
"[16705,49971]_patch_5_1",0.7771881719597402,0.7926857636959643,0.9464967880976842,0.8387902412511297,0.6290368675807835,0.5476797248438952,0.9836959373483357,0.7201375099243381,25.454492168668516,22.374694919557353,37.679625630819075,28.50293757301498
"[16705,49971]_patch_5_2",0.7723940968412553,0.8056431198264324,0.948878133895526,0.8423051168544046,0.4596771605475095,0.511769043124554,0.9852707028648795,0.6522389688456477,26.43967721429949,22.92072297829149,37.300602952012326,28.887001048201103
"[16705,49971]_patch_5_3",0.8024432534074842,0.8358138006892487,0.9519985361749961,0.8634185300905765,0.7055201327327268,0.5575069590751421,0.9850382339323474,0.7493551085800721,31.67229876569813,23.417853867899797,37.375712129077115,30.82195492089168
"[16705,49971]_patch_5_4",0.8382166739990015,0.8393570932684712,0.9482622436108269,0.8752786702927665,0.8454349395214615,0.6328284326313213,0.9829416873499205,0.8204016865009011,29.6302661016465,24.027336909038205,36.792325630904784,30.149976213863166
"[16705,49971]_patch_5_5",0.8652592341270261,0.8652711598077528,0.9410426399251414,0.8905243446199734,0.8854996010342813,0.596172257865107,0.9794271607462386,0.8203663398818756,29.073175128949384,25.11179168249935,36.113689520210855,30.099552110553194
"[16705,49971]_patch_5_6",0.7716913863473724,0.8863261860761285,0.9211573224575009,0.8597249649603339,0.8224979507994041,0.41300387220558205,0.9763944571649029,0.7372987600566296,25.235404164708054,26.07135384777347,33.99617426307575,28.434310758519093
"[16705,49971]_patch_5_7",0.6619881387088562,0.906635329136999,0.8887245342222989,0.8191160006893847,0.7888756885122605,0.49304431525713616,0.9725273033944971,0.7514824357212979,22.98243799753139,29.163751008978508,31.354642337350786,27.83361044795356
"[16705,49971]_patch_5_8",0.748691276857653,0.9247467339919648,0.9150769389851043,0.862838316611574,0.801834349036785,0.5588681889751492,0.978014588428729,0.7795723754802211,25.625366168290217,30.095559247783783,32.63632525387747,29.452416889983823
"[16705,49971]_patch_6_0",0.68907597632203,0.7541299526269063,0.9347632177946192,0.7926563822478517,0.6605208949350045,0.3757438313190145,0.9747230245197439,0.6703292502579209,23.185874960051486,21.725265392569124,37.7269159166438,27.54601875642147
"[16705,49971]_patch_6_1",0.5881185873950004,0.8662982681039968,0.9419405592556147,0.7987858049182041,0.5290585025918143,0.4217117348484833,0.9782767297251507,0.6430156557218161,23.710379180815195,25.195666636741095,38.598632710186706,29.16822617591433
"[16705,49971]_patch_6_2",0.6414925651615938,0.8311689372522474,0.9462099007133721,0.8062904677090711,0.47837852334546177,0.3929430249178707,0.9830374653419348,0.6181196712017557,25.649532076081044,23.322301639011624,37.906152259852476,28.959328658315048
"[16705,49971]_patch_6_3",0.731238941429038,0.8505256685523932,0.9487847706198627,0.8435164602004314,0.7173056841345372,0.4152421904312088,0.9845637122965596,0.7057038622874353,26.704218738275912,24.198048395441482,37.3192948947303,29.4071873428159
"[16705,49971]_patch_6_4",0.8015737531997235,0.9152301489374047,0.9331131373509366,0.8833056798293549,0.8317125314604602,0.5703990893259022,0.983102741762416,0.7950714541829261,27.117087577129524,27.510966068711802,35.54180054538355,30.056618063741627
"[16705,49971]_patch_6_5",0.7716501580685982,0.9302495625890662,0.9022499324509486,0.8680498843695377,0.8387009472112577,0.6418566801229791,0.9786882278825159,0.8197486184055842,25.739643226373644,28.87347918475383,32.760799194498226,29.124640535208567
"[16705,49971]_patch_6_6",0.697934771770363,0.9436812123299609,0.8848889474644235,0.8421683105215824,0.7694752200008244,0.48679331702632883,0.9737665045178345,0.7433450138483293,25.117708618562386,30.648839912640486,31.26804195154213,29.011530160915
"[16705,49971]_patch_6_7",0.5054821184355991,0.9229265800966933,0.8729470608264241,0.7671185864529054,0.7016939265592509,0.46015209567007703,0.967718255201049,0.7098547591434589,19.363383759614944,30.560588676253513,30.508170466529243,26.810714300799233
"[16705,49971]_patch_6_8",0.5364059961204637,0.9181705262291877,0.8768850307237546,0.7771538510244685,0.7516041362544353,0.6850298833144185,0.973426216066427,0.8033534118784269,19.52150207286753,30.882346159995944,30.18441753280559,26.86275525522302
"[17039,52008]_patch_0_0",0.9635198806679299,0.8097433264929395,0.9557638660038309,0.9096756910549001,0.5697315420313813,0.6108087375330614,0.9823787171042163,0.720972998889553,34.00146927155986,23.28495200822848,40.119943722513796,32.468788334100715
"[17039,52008]_patch_0_1",0.9029377646730923,0.8206177908072794,0.9481220009635889,0.8905591854813202,0.6941050012887261,0.5893597736965204,0.9799300098048386,0.7544649282633618,28.569539290851864,22.945697494676498,38.63681530978525,30.0506840317712
"[17039,52008]_patch_0_2",0.8574771512730947,0.8974347619899827,0.9354700727290215,0.8967939953306997,0.6314688846220105,0.5641375094975162,0.9556883402276835,0.7170982447824032,27.671623175224855,26.490459241622585,37.64547125292216,30.602517889923195
"[17039,52008]_patch_0_3",0.9184736914499558,0.8990891682893655,0.9453682875768135,0.9209770491053781,0.5975122312371075,0.5120844119925753,0.9717660014656654,0.6937875482317827,30.171175958305092,26.697975555727954,39.51802365568498,32.129058389906014
"[17039,52008]_patch_0_4",0.9188503993050487,0.9264071502180584,0.9444908202356109,0.9299161232529061,0.833589170929599,0.5050056018677063,0.976980493258886,0.7718584220187305,30.592181716711938,27.793387116752704,39.034097405103566,32.473222079522735
"[17039,52008]_patch_0_5",0.8637126057400182,0.9617222831546485,0.925645573827252,0.9170268209073061,0.9066609504862773,0.2704753752014496,0.9805864163996558,0.7192409140291276,28.93869672736635,35.10353576637204,35.22463660347889,33.0889563657391
"[17039,52008]_patch_0_6",0.8019023110261714,0.8391348504000206,0.9118575821088772,0.8509649145116898,0.8579549205123501,0.47788307986250866,0.978117703493351,0.77131856795607,24.63730641292144,24.98339915668508,33.81226060544649,27.81098872501767
"[17039,52008]_patch_0_7",0.8444644661939188,0.7447170226649745,0.943627229035765,0.8442695726315529,0.6653743961894402,0.6040737148846246,0.9820909188303131,0.750513009968126,29.202486207391676,21.779548356379777,36.94578830083322,29.30927428820156
"[17039,52008]_patch_0_8",0.8148952338260551,0.7445417561342619,0.947826960948923,0.83575465030308,0.39654519816542844,0.4932297501657631,0.9841269923796725,0.6246339802369546,27.245138376980385,21.406978162415363,36.44183335191803,28.364649963771257
"[17039,52008]_patch_1_0",0.9406192902897157,0.850525226611404,0.9541641814296786,0.9151028994435993,0.8663200166439995,0.5807464188237691,0.9809203464786331,0.8093289273154672,31.56541589957572,25.116862753678543,41.0098711520725,32.56404993510892
"[17039,52008]_patch_1_1",0.9228998202782058,0.9077689524250939,0.9433369533337653,0.9246685753456884,0.9203356162179925,0.667846434389592,0.9737268062179059,0.8539696189418301,30.69796450776129,27.5500588483995,39.668999509805275,32.63900762198869
"[17039,52008]_patch_1_2",0.9337313163007429,0.9278427628973018,0.9361144304367909,0.9325628365449452,0.9188243964275684,0.5648491382476378,0.9539420695781144,0.8125385347511069,31.867932305458076,29.158493179956363,37.51133867419126,32.84592138653523
"[17039,52008]_patch_1_3",0.9388410483090254,0.8825458701888218,0.9501101276482339,0.9238323487153602,0.7334072362724363,0.5367796697033898,0.9796983552862429,0.7499617537540231,31.392462648431838,26.194310325531113,38.90253826127426,32.16310374507907
"[17039,52008]_patch_1_4",0.866200810189777,0.9178319611264085,0.9434735383380856,0.909168769884757,0.7964611411788128,0.5506759157414739,0.9792111897884177,0.7754494155695681,29.006628453268448,27.84319345575642,37.865026372902655,31.571616093975837
"[17039,52008]_patch_1_5",0.8512183793475482,0.9530106082227129,0.9359736760240958,0.9134008878647856,0.8601808720088054,0.4522130979200755,0.980288099063851,0.7642273563309105,28.627838378224318,32.01512527128876,36.70744456791724,32.450136072476774
"[17039,52008]_patch_1_6",0.842929649811075,0.8033235516812713,0.9378670970421599,0.8613734328448354,0.7829124572221526,0.5865799359103123,0.9809218917745063,0.7834714283023237,27.203756839797254,23.370885888547125,36.676214379542195,29.08361903596219
"[17039,52008]_patch_1_7",0.8886668515889802,0.7372873067068236,0.950046028058878,0.8586667287848938,0.5206885077324297,0.632636143024702,0.98236421869742,0.711896289818184,29.15054648756827,22.030503435851784,38.16819851879243,29.783082814070827
"[17039,52008]_patch_1_8",0.7625055120920059,0.8075215073806883,0.9505069311704682,0.8401779835477208,0.5073357654286641,0.5276432723935294,0.9847791627843224,0.6732527335355053,25.043074645742035,23.219093311468725,36.46364453270274,28.24193749663783
"[17039,52008]_patch_2_0",0.835289626766591,0.8845447975627901,0.940315496715752,0.8867166403483777,0.7838294578698682,0.43453727875476855,0.9760172656364443,0.7314613340870272,26.1671801761538,26.750310975726464,39.499214317052086,30.805568489644116
"[17039,52008]_patch_2_1",0.8997609395848538,0.947119705961337,0.9339490520855399,0.9269432325439103,0.9329020892900506,0.4521169948378298,0.9809536734744868,0.7886575858674557,29.692290491636562,31.552410404242487,37.68301210231327,32.97590433273077
"[17039,52008]_patch_2_2",0.9080995634632641,0.9061825408714997,0.9473674716458571,0.9205498586602069,0.9253375258287887,0.546994370702978,0.9809460599288667,0.8177593188202111,28.500984920857118,26.99591807403302,38.44074387698643,31.31254895729219
"[17039,52008]_patch_2_3",0.9489587493765317,0.8882159396113806,0.9537174969288823,0.9302973953055981,0.9287103473779416,0.6275205205104664,0.9814210365023305,0.8458839681302462,32.57126551731288,25.973543266609727,39.426524497030265,32.65711109365096
"[17039,52008]_patch_2_4",0.8479884916445664,0.9330266979565386,0.9399910114947416,0.9070020670319489,0.8555602390224206,0.5756505434388507,0.9799916315240861,0.8037341379951192,28.13821887248231,28.59701390911935,37.1634466788756,31.29955982015909
"[17039,52008]_patch_2_5",0.795730080167966,0.922625350273005,0.9390308952039964,0.8857954418816557,0.7313608477223175,0.4733025458481553,0.9809307897915365,0.7285313944540031,25.225577554719113,29.31305202827382,36.68888229679139,30.409170626594772
"[17039,52008]_patch_2_6",0.8951149249804757,0.7769980187540413,0.9507408903024193,0.8742846113456455,0.6467478190285917,0.565650154731339,0.9828229682389769,0.7317403139996358,28.486134207919296,22.568816971052446,38.49476934782506,29.8499068422656
"[17039,52008]_patch_2_7",0.9038708708257196,0.7450603426361875,0.9526170227698849,0.8671827454105973,0.667031530297046,0.5714495816152436,0.9832221014000365,0.7405677377707754,29.26855413271828,22.065087545471496,38.37816674403834,29.903936140742704
"[17039,52008]_patch_2_8",0.8003000722782122,0.8150753090440206,0.9516867625984162,0.8556873813068829,0.6960253917913632,0.5361424877179932,0.9856749775151192,0.7392809523414918,25.605881780220034,23.41437319273295,36.792975716214904,28.604410229722628
"[17039,52008]_patch_3_0",0.7931802431498811,0.8636429581192663,0.9357358135448215,0.864186338271323,0.7043839531336233,0.5237939192052562,0.9792984271348536,0.735825433157911,24.88924799211616,25.011416592941494,37.93766706154271,29.279443882200123
"[17039,52008]_patch_3_1",0.8764918935382153,0.9370456686757196,0.9412511940757965,0.9182629187632437,0.9120191388931532,0.4948902772210013,0.9825074027605635,0.7964722729582393,27.201685710994973,28.73737382831544,37.981946616683025,31.307002051997813
"[17039,52008]_patch_3_2",0.9012333219385175,0.9236720930435299,0.9432870989460156,0.922730837976021,0.912836068880452,0.5957518527555078,0.9825755465674552,0.8303878227344716,29.9140714376087,28.283283607284734,37.9419619754991,32.046439006797506
"[17039,52008]_patch_3_3",0.9028599302811925,0.9236934822986514,0.9374150773733926,0.9213228299844122,0.92395342261874,0.5814064299131119,0.9836143122835871,0.8296580549384797,30.638784628546016,27.90872360199357,37.20813702377851,31.91854841810603
"[17039,52008]_patch_3_4",0.7906527237687079,0.9339602373236169,0.9122942462365884,0.8789690691096377,0.881327762918099,0.6591332541028521,0.9811046362466765,0.8405218844225425,24.306459475220997,30.8003346213411,34.18940840034048,29.76540083230086
"[17039,52008]_patch_3_5",0.7510466239182444,0.9105022751911286,0.9107947766607836,0.8574478919233854,0.8269398954860359,0.5605854475542591,0.9796942484445089,0.7890731971616013,22.782895466794002,30.32983839087143,34.035746319187055,29.049493392284162
"[17039,52008]_patch_3_6",0.901102419572694,0.7957460544067666,0.9480144897897791,0.88162098792308,0.8021422826644347,0.468040386823675,0.9820624568623911,0.7507483754501668,28.74177381407508,22.93805697527665,37.888731208585924,29.856187332645884
"[17039,52008]_patch_3_7",0.8703619797084354,0.7868325668030192,0.9489857734246909,0.8687267733120484,0.8552666666273339,0.5750734827619228,0.9820184903609871,0.8041195465834146,27.82203892660018,22.775778023961685,37.704072776901214,29.433963242487692
"[17039,52008]_patch_3_8",0.8137647434515425,0.8312537251554741,0.9481937254427009,0.8644040646832392,0.7830063774994083,0.575937143838702,0.9843350953889966,0.781092872242369,25.6812528632299,23.689744440994293,36.96642946066861,28.779142254964267
"[17039,52008]_patch_4_0",0.7871916709815338,0.854427354382882,0.9389925043289594,0.8602038432311251,0.8333099718972891,0.5774430223847168,0.9797613657714975,0.7968381200178345,26.267943131798567,24.424658325327208,38.138107519239696,29.61023632545516
"[17039,52008]_patch_4_1",0.8199891807183207,0.9300135575837452,0.932164602300344,0.8940557802008033,0.8407091277510003,0.55188188161346,0.9811004371991597,0.7912304821878733,27.006566168276855,28.31331337299154,36.74076871166113,30.68688275097651
"[17039,52008]_patch_4_2",0.8371449908924581,0.963221302605534,0.9189581887865902,0.9064414940948607,0.880785246775465,0.5588233362689907,0.9821908310677823,0.8072664713707459,27.889564871465442,34.98008989708549,34.82710453628287,32.5655864349446
"[17039,52008]_patch_4_3",0.7967780129530347,0.9564990552471391,0.9057947306074714,0.886357266269215,0.8700708950293194,0.5720133307517709,0.9805084599922539,0.8075308952577814,26.661755773202582,35.0667750505525,33.505649243917134,31.74472668922407
"[17039,52008]_patch_4_4",0.7576845188522232,0.9526960088346521,0.9019855144892106,0.870788680725362,0.861710877222525,0.7336713167087539,0.9799973389722498,0.8584598443011763,24.06086273478827,36.18928591049209,33.24538422825079,31.16517762451038
"[17039,52008]_patch_4_5",0.8358013020446035,0.9507986340885252,0.9230868094067053,0.9032289151799446,0.8903155264080289,0.6205825629693061,0.9820671429071276,0.8309884107614876,26.096831771651964,33.203368801189605,35.45900931107795,31.586403294639837
"[17039,52008]_patch_4_6",0.9344207928433316,0.8125113710882381,0.9459826535910651,0.897638272507545,0.86153594306925,0.5457726838728076,0.981125465181418,0.7961446973744919,31.39050930866655,23.45479728852539,38.56990696853468,31.13840452190887
"[17039,52008]_patch_4_7",0.8786109702317847,0.7551179216704206,0.9505778889907653,0.8614355936309902,0.7689861024683904,0.5794081733014252,0.9813334464239254,0.7765759073979138,27.87647104529451,22.0440759521802,38.49594230079209,29.47216309942227
"[17039,52008]_patch_4_8",0.8372671272518761,0.8253428326429266,0.9520593097095085,0.8715564232014371,0.7161358734723913,0.6134128193453432,0.9836042579177894,0.7710509835785079,26.153932858737853,23.520021756841185,38.10305159081777,29.259002068798935
"[17039,52008]_patch_5_0",0.7888621369462331,0.8841341165955481,0.943908989930329,0.8723017478240367,0.7789916408603563,0.6249324771371186,0.9786418381979963,0.7941886520651571,25.287754168886508,25.967226155941603,38.99961626679932,30.084865530542476
"[17039,52008]_patch_5_1",0.816234244271182,0.9247574437511618,0.9240223895116031,0.8883380258446488,0.8661036356229844,0.6079440855664852,0.9791836133981155,0.8177437781958616,25.641057391980585,28.678982392047608,36.05558240554876,30.125207396525653
"[17039,52008]_patch_5_2",0.8002375691675176,0.9680306847038945,0.9035042646235123,0.8905908394983082,0.8471571382748427,0.6788163944004594,0.9793301628590412,0.8351012318447811,27.863842495421608,32.29491991200673,33.07273479554622,31.077165734324854
"[17039,52008]_patch_5_3",0.7810707658939973,0.9564414276343125,0.8948894296850638,0.8774672077377912,0.803269669273764,0.6291776556731199,0.9776125676002013,0.8033532975156951,27.55486200339977,30.996716287440307,32.36303248673159,30.304870259190555
"[17039,52008]_patch_5_4",0.852943183937723,0.9665208922306112,0.9189978756884205,0.9128206506189183,0.8764447205859877,0.6348873939232593,0.9831353728744744,0.8314891624612404,26.442675508455675,36.72881120796761,35.10416455403987,32.75855042348772
"[17039,52008]_patch_5_5",0.9410530515565694,0.9798624625285838,0.9404998441674474,0.9538051194175335,0.9233261365681458,0.03508981904866371,0.9836570141239466,0.647357656580252,29.40659718938484,40.21041210960548,40.23548072283366,36.617496673941325
"[17039,52008]_patch_5_6",0.9147518329136501,0.8469458413645568,0.9429586625522606,0.9015521122768225,0.7613998893743131,0.46284534052483284,0.9806919965005902,0.7349790754665788,29.158217379537376,24.50117101886044,38.82981161160998,30.829733336669268
"[17039,52008]_patch_5_7",0.9070046065664946,0.7323592662732789,0.9521002588900072,0.8638213772432602,0.42601392145025213,0.48141123892742177,0.9826611212655861,0.6300287605477534,27.731305270237584,21.663674911715812,39.117277902580184,29.504086028177863
"[17039,52008]_patch_5_8",0.8828612468721139,0.7810230185979132,0.9514614923353559,0.8717819192684612,0.5660903204968859,0.5570374887911356,0.9837055362506469,0.7022777818462228,28.448603196272067,22.258518753320857,38.496929916973464,29.73468395552213
"[17039,52008]_patch_6_0",0.8737575908912537,0.8674021449815141,0.9502156317167046,0.8971251225298241,0.6054117376353384,0.6575183691576174,0.9791596107251027,0.7473632391726861,26.67053904732753,24.792731124094356,40.26106824216676,30.574779471196212
"[17039,52008]_patch_6_1",0.8561010039514951,0.9124349962020011,0.9284834855020274,0.899006495218508,0.8793453310710215,0.6532044574102721,0.9779482414587773,0.8368326766466904,26.28784791478782,28.40416137720817,36.6049004172318,30.432303236409265
"[17039,52008]_patch_6_2",0.7789213282268768,0.9523244875106984,0.900155974734179,0.8771339301572514,0.8342520632692718,0.39556546622685734,0.9754017246770453,0.7350730847243915,26.27383577767247,29.806142808924598,33.32388719666367,29.801288594420242
"[17039,52008]_patch_6_3",0.8530534640493911,0.9709887536934284,0.9115464087981686,0.9118628755136626,0.8808918057741263,0.5439819046634606,0.9807802076683498,0.8018846393686455,29.39243423490515,32.05269517515981,34.25285686813354,31.8993287593995
"[17039,52008]_patch_6_4",0.9492524161508228,0.9799788058829666,0.9396142253950406,0.9562818158096099,0.9636987784473932,0.670881692308154,0.9851029671131298,0.8732278126228924,29.72383470032739,39.179015069022064,40.34918894275598,36.417346237368484
"[17039,52008]_patch_6_5",0.9415707467378946,0.9801274983060448,0.9391919877778142,0.9536300776072513,0.9108910469311944,0.6659535941755582,0.9828552937204722,0.8532333116090749,30.076827179137894,36.31321229337826,39.196319660409394,35.195453044308515
"[17039,52008]_patch_6_6",0.85094676312778,0.8850814967721317,0.9320353680311099,0.8893545426436739,0.7544496625992452,0.3900549807603457,0.9794404483023311,0.7079816972206406,26.498054825038423,26.777808333836575,36.64906627086858,29.97497647658119
"[17039,52008]_patch_6_7",0.8615479643320199,0.7818154773751386,0.9469577177008867,0.8634403864693483,0.3598299921416074,0.4238373938413223,0.978911821646952,0.5875264025432939,25.963294880469906,22.74200788515443,38.50266360687502,29.06932212416645
"[17039,52008]_patch_6_8",0.8108717307860138,0.7830642519566023,0.9460505119598008,0.8466621649008057,0.429998449538058,0.4875477192849042,0.9819403292255262,0.6331621660161628,25.902519031702695,22.512198883972104,38.55296129519792,28.98922640362424
"[18778,52957]_patch_0_0",0.8750802806380025,0.9222649006678649,0.9319433355045377,0.9097628389368017,0.9150971492906669,0.6752136385229152,0.9769979741381881,0.8557695873172567,31.529924270264594,28.274641835932066,35.908324632871754,31.904296913022804
"[18778,52957]_patch_0_1",0.8641612879452638,0.9487931165712279,0.9175869923316774,0.9101804656160564,0.9119868607845703,0.7387649805141665,0.9733682528706376,0.8747066980564581,32.253572725557135,29.11271338608855,34.62246132718094,31.996249146275545
"[18778,52957]_patch_0_2",0.845433361227554,0.9535455918592438,0.9180780012688207,0.9056856514518729,0.8695688176193564,0.7609513768725943,0.9739898569507242,0.8681700171475583,31.784506854948773,28.844921002985068,34.65505074014628,31.761492866026703
"[18778,52957]_patch_0_3",0.8366882063230074,0.9776694551010882,0.8973078623291534,0.9038885079177498,0.8473917025563542,0.8385542703993366,0.9746701011131409,0.8868720246896107,31.29968083718461,33.42363693244384,32.79014767032518,32.504488479984545
"[18778,52957]_patch_0_4",0.8649567072635223,0.9574305553745782,0.9212639434392496,0.9145504020257834,0.8956350173042055,0.7707805576761352,0.9778376140026112,0.881417729660984,31.847479182829822,30.40910856724222,34.842859400880656,32.3664823836509
"[18778,52957]_patch_0_5",0.88200159844924,0.9180918694349635,0.9350735807538086,0.911722349546004,0.9122162976780136,0.673385365824156,0.9774376828777469,0.8543464487933056,31.58471763329469,27.687358630678247,37.253809142289036,32.17529513542066
"[18778,52957]_patch_0_6",0.8780650388003121,0.8948112411779928,0.9358969313173805,0.9029244037652284,0.9068756556238738,0.6530894837639647,0.9775720494170631,0.845845729601634,31.38047391436565,26.45645472541055,37.469021559621346,31.76865006646585
"[18778,52957]_patch_0_7",0.88299043203831,0.9092837863673786,0.9318561753498997,0.9080434645851961,0.9129552185255485,0.7391367273687298,0.9784423748085262,0.8768447735676016,31.881954001607703,26.93966515467164,36.5620483944905,31.794555850256614
"[18778,52957]_patch_0_8",0.8745915628426952,0.9532282836726492,0.917948085173516,0.91525597722962,0.9100761298180736,0.8192885478468867,0.9774796499792329,0.9022814425480643,31.281101347066613,29.51621061845817,34.9414480449147,31.912920003479826
"[18778,52957]_patch_1_0",0.8740844694779136,0.9270938926455189,0.9366003717843151,0.9125929113025825,0.9142738496949069,0.6846144281307482,0.9769763760635897,0.8586215512964149,31.877145532475033,29.077022525924562,37.00026548385821,32.651477847419265
"[18778,52957]_patch_1_1",0.8578815007920412,0.9616256543902364,0.9127458965516889,0.9107510172446555,0.8905622365545478,0.6696097456612334,0.9720637514124343,0.8440785778760719,30.942518956768147,30.11068081122273,34.45806230316102,31.83708735705063
"[18778,52957]_patch_1_2",0.835346622026018,0.9664681239078133,0.9103059059040918,0.9040402172793077,0.8770176319797656,0.7121329903247438,0.9716505221486675,0.8536003814843923,30.169224776033296,29.70426264083538,34.355702637773035,31.409730018213907
"[18778,52957]_patch_1_3",0.804604254869563,0.9745283979382209,0.9014357478034852,0.8935228002037564,0.84779955711431,0.7623055536990613,0.9723065833534495,0.860803898055607,29.016012270617935,31.866840373867444,33.74379420126676,31.54221561525071
"[18778,52957]_patch_1_4",0.8605966208664244,0.9257370755614885,0.9300973643662738,0.9054770202647289,0.8904608320852203,0.7149376103654779,0.9777800562331733,0.8610594995612905,30.566649430896526,28.406325868978136,37.05107322371263,32.0080161745291
"[18778,52957]_patch_1_5",0.887636075860189,0.8763721748078398,0.943461052712378,0.9024897677934689,0.9330508990675095,0.6510618910105496,0.9785305783125053,0.8542144561301882,30.951932330555742,25.8879144441946,39.249675516443304,32.029840763731215
"[18778,52957]_patch_1_6",0.8741379305943977,0.8830954426018371,0.9355797577782795,0.8976043769915049,0.9153537259218164,0.6212491552592629,0.9780372158674775,0.8382133656828522,31.146647776765953,25.77339224326093,37.45678642558756,31.458942148538146
"[18778,52957]_patch_1_7",0.8627411863792115,0.9173886499658546,0.9300535963480773,0.9033944775643811,0.9048816624645336,0.711847777371857,0.9776853009690156,0.8648049136018021,30.421054056473377,27.190080393663877,36.49486438041373,31.36866627685033
"[18778,52957]_patch_1_8",0.8568795619674134,0.9484685574024161,0.9223095756941936,0.9092192316880077,0.9148962137367005,0.7510546837540064,0.9770692293861908,0.8810067089589659,29.498558246569125,29.49054244445234,35.82847059169047,31.605857094237308
"[18778,52957]_patch_2_0",0.8442219867899414,0.9328341406541043,0.9357174077265744,0.9042578450568733,0.8802884932705999,0.6514161569902516,0.9784470964365686,0.83671724889914,28.94613742342653,29.123199280088254,36.812029610301735,31.627122104605508
"[18778,52957]_patch_2_1",0.8571562360164403,0.9470920564949333,0.9351238275375715,0.9131240400163151,0.8916233611128046,0.688591100666647,0.9770115111661785,0.8524086576485433,29.294864767642995,29.92258304828509,36.88505505577328,32.03416762390045
"[18778,52957]_patch_2_2",0.856112763697193,0.9519014637704024,0.9242488949609642,0.9107543741428531,0.9030626479255401,0.7411853952148401,0.9745928865124618,0.8729469765509474,30.15108956816388,29.440914830210918,35.568663057589184,31.72022248532133
"[18778,52957]_patch_2_3",0.8338621775012637,0.9484457579876634,0.9206436469671354,0.9009838608186875,0.8859372720443051,0.7010284854819291,0.9730318351667612,0.853332530897665,29.356587148143795,28.888968782469316,35.734215595206805,31.32659050860664
"[18778,52957]_patch_2_4",0.8415457468291159,0.9066330877477631,0.9452223215619403,0.8978003853796065,0.8919582380694517,0.665294730966054,0.979306070266278,0.8455196797672612,27.940708100218043,27.123759871532723,39.43139882691641,31.498622266222394
"[18778,52957]_patch_2_5",0.8199222120950035,0.8711604922950136,0.9507469854036209,0.8806098965978794,0.9096591328106398,0.6644092047257408,0.9814557451652102,0.8518413609005302,25.87076638307881,25.721411058769903,40.02059507044918,30.53759083743263
"[18778,52957]_patch_2_6",0.8479234301112302,0.9181371694621879,0.9210626959540403,0.8957077651758194,0.9081131351247199,0.6191608951174185,0.9771257083739194,0.8347999128720193,28.848469504827197,27.54466442759762,35.256068160563395,30.549734030996074
"[18778,52957]_patch_2_7",0.8133650328175757,0.9301474222662002,0.9262724306228342,0.8899282952355367,0.8675605123772951,0.594184442407634,0.9768921009200019,0.8128790185683105,27.53266051822434,28.06507241951412,35.98951867533287,30.529083871023772
"[18778,52957]_patch_2_8",0.8345615680865978,0.9048562319905442,0.9388195884141659,0.8927457961637693,0.8985914520236906,0.5959533970303978,0.9793056619469013,0.8246168370003298,27.343444436606784,27.489564683826604,38.004624552334214,30.94587789092253
"[18778,52957]_patch_3_0",0.8642499947589712,0.8855159154957907,0.9472700104613,0.8990119735720206,0.8804786150092144,0.5994405986807649,0.9809864323328935,0.8203018820076243,28.395401314472434,25.826277557796967,38.93210209408697,31.051260322118793
"[18778,52957]_patch_3_1",0.8681181239471871,0.9128877681200729,0.9509499765989693,0.9106519562220764,0.9055986497496606,0.6859172250119953,0.9794915274585676,0.857002467406741,28.30174488153418,27.269785227144588,39.468907218383,31.680145775687254
"[18778,52957]_patch_3_2",0.8442235696711912,0.9424831818706618,0.9323277436063517,0.9063448317160683,0.9055686121947428,0.7613116459137015,0.9761563396623791,0.8810121992569412,28.642787515315142,28.95376629197741,36.49350963096584,31.363354479419467
"[18778,52957]_patch_3_3",0.8409567081893712,0.9237681055888898,0.9331190795838077,0.8992812977873562,0.8942933304417294,0.6322771151347752,0.9768335926047779,0.8344680127270941,28.486303757851115,27.372634548878775,36.93514144738549,30.931359918038464
"[18778,52957]_patch_3_4",0.8194673052655835,0.8763527708746156,0.9542458029595656,0.8833552930332549,0.8754506851601533,0.6287594269119889,0.9823912841335738,0.828867132068572,25.407837629436415,25.305283744048708,40.51686067320609,30.40999401556374
"[18778,52957]_patch_3_5",0.8358754156818806,0.8697851017836914,0.9486683181458416,0.8847762785371379,0.8835565453396856,0.6118858897635612,0.9815476268476304,0.8256633539836257,25.538231124589174,24.769157041717346,39.53748050516466,29.948289557157057
"[18778,52957]_patch_3_6",0.8055727692510235,0.9085992066849713,0.9211725090384782,0.8784481616581576,0.8770560867174366,0.6126902031842099,0.9764169631358103,0.8220544176791522,25.91077363245773,26.498401335806683,35.676651670155735,29.361942212806714
"[18778,52957]_patch_3_7",0.7712600846670441,0.8985316676064393,0.9397414623590653,0.8698444048775164,0.8087592292150066,0.5558992249394081,0.9792866171543798,0.7813150237695982,24.901382020822854,25.637581558309208,38.31677762617491,29.61858040176899
"[18778,52957]_patch_3_8",0.7968535485499905,0.8583677601706451,0.9490693012838124,0.8680968700014827,0.8435713942399433,0.48579191312889874,0.9818992123233051,0.7704208398973824,24.207692887211355,25.137940358005622,39.6721877949266,29.672607013381192
"[18778,52957]_patch_4_0",0.9068265298429015,0.7739131107606837,0.9484881943080535,0.8764092783038796,0.817732565255003,0.5785449297029146,0.9812133245700837,0.7924969398426671,28.5149283183434,21.29575650754959,39.278395100110174,29.69635997533439
"[18778,52957]_patch_4_1",0.8368076655152524,0.895102762822589,0.9511865511490591,0.8943656598289668,0.8296957721292351,0.6260260903276781,0.9810772700526862,0.8122663775031999,26.111169409056703,25.75171642085893,40.02279458414417,30.628560138019935
"[18778,52957]_patch_4_2",0.7630938022323209,0.9534072327189737,0.9286506729390975,0.881717235963464,0.8339881466246825,0.7247978509183225,0.9767447897255063,0.8451769290895038,25.401469702932182,30.68613861687201,36.88616570399139,30.99125800793186
"[18778,52957]_patch_4_3",0.7542456618170539,0.9261060218580203,0.9317064871654457,0.8706860569468399,0.824023343803688,0.5431174526684801,0.977200349930008,0.7814470488007254,24.899576443866962,28.3260717382807,37.31686025055601,30.180836144234558
"[18778,52957]_patch_4_4",0.7988013234248172,0.8213767896985684,0.9501543656120115,0.856777492911799,0.783951844067496,0.5607456897126628,0.9811411687653153,0.7752795675151581,24.639512355011224,23.34006918750141,40.39276445562763,29.457448666046755
"[18778,52957]_patch_4_5",0.8069782400738478,0.7820948375464225,0.9471130418630758,0.8453953731611152,0.7842410201203545,0.5439249246851955,0.981853823695831,0.7700065895004604,23.690211077840452,21.88996622665642,40.0153223121647,28.531833205553855
"[18778,52957]_patch_4_6",0.8433159201718655,0.8208168661037377,0.9453620381442962,0.8698316081399664,0.8453983519068262,0.5951852673593899,0.9813172587420758,0.8073002926694306,25.840067478985034,23.18061160580306,39.515308827139286,29.51199597064246
"[18778,52957]_patch_4_7",0.8347588039352352,0.8192841825733683,0.955533528748101,0.8698588384189015,0.7458857659995373,0.6070855228444051,0.9832037026949771,0.7787249971796397,24.999907571007036,23.115590723895124,41.12173359191611,29.74574396227276
"[18778,52957]_patch_4_8",0.807754066743022,0.8274283015602493,0.9564207526479748,0.8638677069837487,0.7543598963170737,0.5309180689548406,0.982935372812169,0.7560711126946944,22.83770675619867,23.163472769473596,41.144265703594336,29.04848174308887
"[18778,52957]_patch_5_0",0.9715250934801455,0.6665825824881348,0.9454017039608591,0.861169793309713,0.7673733656580126,0.601971611465677,0.980860124894576,0.7834017006727553,35.51963941985996,19.592523656541573,38.74288151725272,31.285014864551417
"[18778,52957]_patch_5_1",0.8652604745483096,0.7905218179154698,0.9516950395812953,0.8691591106816915,0.6029530163300859,0.6540952425271992,0.9829526047504958,0.746666954535927,25.509451733145426,21.802818796543097,40.559035470500284,29.29043533339627
"[18778,52957]_patch_5_2",0.8053636240003507,0.8682846429167272,0.9509710175955048,0.8748730948375275,0.7818299732937984,0.6630111818940081,0.9818658808895627,0.808902345359123,25.525993781297124,24.918333755463653,40.037782948510255,30.160703495090345
"[18778,52957]_patch_5_3",0.790697785691107,0.8217500646177482,0.9469504991341815,0.853132783147679,0.8286067540683226,0.6151471686238835,0.982390102045212,0.8087146749124727,25.325902197096745,22.938737443057708,38.97307298061341,29.079237540255956
"[18778,52957]_patch_5_4",0.8325651568763726,0.715975424285407,0.9372850515799888,0.8286085442472562,0.7537295338594672,0.6304914945722375,0.9808462515947842,0.7883557600088297,24.720151019031142,20.12502945093713,37.89943367510388,27.581538048357384
"[18778,52957]_patch_5_5",0.9082400711268619,0.6443519118332737,0.935022695191903,0.8292048927173461,0.5975262783826282,0.5956801772018394,0.9805309532344464,0.7245791362729713,26.15221887992641,19.11621602950795,37.90484042334866,27.724425110927672
"[18778,52957]_patch_5_6",0.9410260707349115,0.685437030525409,0.9469338772494027,0.8577989928365745,0.3120621770997997,0.590110598780225,0.9829518951324114,0.6283748903374787,26.574420978546268,19.92890533540853,39.623014135256334,28.70878014973705
"[18778,52957]_patch_5_7",0.9709541985830579,0.7386802029522386,0.9571191318632726,0.8889178444661896,0.283635819199471,0.6241473040370373,0.9861009923245124,0.6312947051870069,28.867016331993934,21.04876812163981,40.56585643668669,30.160546963440144
"[18778,52957]_patch_5_8",0.9546389164510619,0.7703547486282083,0.9557049568184864,0.8935662072992523,0.4955494787348343,0.6082624974689167,0.9854824603816194,0.6964314788617901,29.735932125171644,21.713385599135133,40.49935012637733,30.649555950228034
"[18778,52957]_patch_6_0",0.9964143030542991,0.5878775391556558,0.9479984334167978,0.8440967585422509,0.0748247583641817,0.595445272644205,0.9821939124910447,0.5508213144998105,57.73466091650722,18.744287169762675,39.02111352183863,38.500020536036175
"[18778,52957]_patch_6_1",0.9888484400878522,0.6129503373128719,0.9479775910520569,0.849925456150927,0.023067983322307632,0.6112100783169002,0.9831877786234684,0.5391552800875588,38.85969398097838,19.23677104785474,39.16485971658616,32.42044158180642
"[18778,52957]_patch_6_2",0.9592785614742934,0.6516880430144647,0.945529453273557,0.8521653525874383,0.1932476991144627,0.6320333051608638,0.9828448766240488,0.6027086269664584,32.793354910835156,19.57797579450404,38.805676267348375,30.392335657562523
"[18778,52957]_patch_6_3",0.9537004521241176,0.6235298259595308,0.9429968591464135,0.8400757124100205,0.248141873817035,0.5938323584433604,0.9823076807863065,0.6080939710155673,32.75532281136651,18.896310783266784,38.29890354659111,29.983512380408133
"[18778,52957]_patch_6_4",0.9431965711578363,0.6212761169460846,0.9392711620252687,0.8345812833763965,0.2551813369544932,0.605668190774831,0.9788668927201385,0.6132388068164876,30.281233079510493,19.128969420027246,36.72357081434147,28.711257771293067
"[18778,52957]_patch_6_5",0.9646931681249248,0.5618313033735726,0.9381846905170993,0.8215697206718655,0.5818018399483201,0.5686007233716511,0.9775290510593743,0.7093105381264485,29.530421494220427,18.251957422991364,36.305766431673916,28.029381782961902
"[18778,52957]_patch_6_6",0.9743776608752098,0.6042362512657192,0.9442522064343325,0.8409553728584206,0.48844556039294196,0.5734914411667646,0.9813623256051954,0.681099775721634,28.421938239173986,18.635145188096722,37.98162805331208,28.346237160194264
"[18778,52957]_patch_6_7",0.9862788895286231,0.6698053312967187,0.9527439286655878,0.8696093831636432,0.206640161217482,0.6064886997269241,0.9841291054768309,0.599085988807079,29.89547190937722,19.563739160357166,39.27268079183876,29.577297287191048
"[18778,52957]_patch_6_8",0.9942899488541266,0.6803291010595178,0.9461881116860261,0.8736023871998903,0.01031767748323901,0.6424527289284195,0.9821326423209165,0.5449676829108583,56.17662241962358,19.974041689940673,38.810712708979665,38.32045893951464
"[19129,51780]_patch_0_0",0.7741208032726893,0.8238159602277247,0.9293789796141029,0.8424385810381723,0.7745706927976403,0.6851952585677475,0.9772530399664318,0.8123396637772732,26.010308131870165,24.282542556505593,34.81919670506419,28.370682464479984
"[19129,51780]_patch_0_1",0.8049866646890631,0.8505898018143241,0.9252682488465112,0.8602815717832994,0.837978225948807,0.5486604301942489,0.9756797440054704,0.7874394667161755,26.95182954595769,24.896382340920344,34.212182482707895,28.686798123195313
"[19129,51780]_patch_0_2",0.8494397351646736,0.8824272804334197,0.9270988244260321,0.8863219466747084,0.8855221208641965,0.513028799480776,0.9777671305764744,0.7921060169738157,30.466624245330372,24.551670951267273,34.06680925452243,29.69503481704003
"[19129,51780]_patch_0_3",0.8003780575475062,0.8791958842638865,0.9264489928622623,0.8686743115578851,0.8316700870467312,0.6871733517360653,0.9780665475287185,0.832303328770505,28.889088724247483,25.81541742785388,33.94590284500805,29.550136332369803
"[19129,51780]_patch_0_4",0.7935985093965942,0.9085501531844181,0.9124178312184356,0.871522164599816,0.800397422375679,0.7242660695181754,0.9763484698051951,0.8336706538996831,27.470265753918767,28.05432504230959,32.75007120453776,29.424887333588703
"[19129,51780]_patch_0_5",0.7889626370896123,0.9318653060286206,0.8877324970325268,0.8695201467169199,0.8221794407495121,0.6721806806333388,0.9735077506610408,0.8226226240146305,26.549043337878715,29.963048944587534,31.09308804729651,29.201726776587588
"[19129,51780]_patch_0_6",0.8024274557634433,0.9301706891416363,0.8972346628775885,0.8766109359275559,0.8497018036327754,0.5345598901707379,0.9768690668342075,0.7870435868792404,28.150099275471643,28.90957548801543,31.713590333846604,29.591088365777892
"[19129,51780]_patch_0_7",0.7710586333372792,0.92257933419137,0.9040491507671843,0.8658957060986111,0.7713735715678749,0.4676508909913824,0.9766483162690445,0.7385575929427673,25.610929626655263,29.659251747093034,32.91567026668416,29.395283880144152
"[19129,51780]_patch_0_8",0.7811820060188814,0.9087552297442514,0.8876124800093704,0.8591832385908345,0.8086656848202515,0.7061608871433627,0.9714779114930102,0.8287681611522081,25.054746843433758,27.487835872363245,32.350374745024354,28.29765248694045
"[19129,51780]_patch_1_0",0.8196818780217086,0.8523207186803399,0.9348925223336197,0.8689650396785561,0.8328040941978949,0.7072218928743751,0.9781590170062937,0.8393950013595214,27.750033121385457,23.867539634932275,34.93475463976275,28.85077579869349
"[19129,51780]_patch_1_1",0.8560827685112247,0.8817312378178216,0.9340124093070611,0.8906088052120359,0.8817478271749034,0.6772896644977141,0.9786383656230466,0.845891952431888,30.037650335725708,25.288310759404936,34.791507351386045,30.039156148838895
"[19129,51780]_patch_1_2",0.8688204734259828,0.8891860300916566,0.9296204485102711,0.8958756506759702,0.9010344767398965,0.6317918537677999,0.9778211969725765,0.836882509160091,31.37788278195737,25.55347502654346,34.41422338380726,30.448527064102695
"[19129,51780]_patch_1_3",0.8392240937379629,0.9068906404250527,0.9193137498170636,0.8884761613266932,0.864224848350015,0.730480849175486,0.9764094149528777,0.8570383708261261,30.286588316931553,27.697171383027918,33.6096096810159,30.531123126991787
"[19129,51780]_patch_1_4",0.820149933775421,0.9272380837677642,0.9178446854839292,0.8884109010090381,0.8133878350577599,0.7701154867562681,0.9758682151424959,0.8531238456521746,28.302635011349587,29.225690707867113,33.52491646014734,30.35108072645468
"[19129,51780]_patch_1_5",0.8328389678201843,0.942701257373583,0.9028206759562598,0.892786967050009,0.8647872730337475,0.7158671237560998,0.9725429540543632,0.8510657836147368,29.92780372628216,29.829846706347986,32.12154743966715,30.62639929076576
"[19129,51780]_patch_1_6",0.811102942315195,0.9208235914144304,0.9007621402621776,0.8775628913306011,0.8348127429571954,0.6079219671223902,0.9762000735199088,0.8063115945331648,28.87194288754405,26.35225384592838,32.21629446868765,29.146830400720024
"[19129,51780]_patch_1_7",0.7528688069623418,0.9273392656706823,0.9155577985636244,0.8652552903988827,0.7670354149797802,0.6146671222562186,0.9803141787781149,0.7873389053380379,26.68588936866376,26.782479250983087,34.10454591276368,29.190971510803507
"[19129,51780]_patch_1_8",0.7756056458598017,0.9367834779169899,0.9051555985870599,0.8725149074546171,0.8061454474222056,0.7823372499297736,0.9742355527693223,0.8542394167071006,26.401212645749432,28.29036919443435,33.57671251904888,29.42276478641089
"[19129,51780]_patch_2_0",0.8203604366652523,0.8868928995082842,0.943730360547569,0.8836612322403684,0.8253668386665488,0.7287991037233862,0.9807575936727507,0.8449745120208952,29.549135504888262,25.265387566345368,35.95166990984824,30.255397660360625
"[19129,51780]_patch_2_1",0.8513534715550263,0.8627089202184482,0.9484826792011815,0.8875150236582187,0.870785959069724,0.6887202177764127,0.982280065407882,0.8472620807513396,30.263922553404846,24.851659875452032,36.289797023035106,30.46845981729733
"[19129,51780]_patch_2_2",0.8546223698823435,0.8931901970994548,0.93328317069097,0.8936985792242561,0.8809563436443341,0.6722595649505866,0.9792102644875647,0.8441420576941617,31.432230578077633,25.893380462238685,34.75523764962642,30.693616229980915
"[19129,51780]_patch_2_3",0.8250452951768755,0.930648387754112,0.9149936011584852,0.8902290946964909,0.8493941588674063,0.6799494566755405,0.9761204751714536,0.8351546969048002,30.61160333766996,27.991757795688184,33.648102142636375,30.750487758664843
"[19129,51780]_patch_2_4",0.8402707964062374,0.9430480907731839,0.9254700605304084,0.9029296492366098,0.8611038858440474,0.6901615792630714,0.976556458769474,0.8426073079588643,30.940378153887114,29.79620398255949,34.81598987400707,31.850857336817892
"[19129,51780]_patch_2_5",0.8672281277130016,0.9209105000374315,0.9279964580639415,0.9053783619381249,0.899616168818437,0.6704651028634865,0.9767557313237045,0.8489456676685426,31.701846932906406,27.496229574268547,34.59503006708268,31.264368858085877
"[19129,51780]_patch_2_6",0.8402920153908136,0.8980861437263725,0.9198684051737044,0.8860821880969635,0.8634098513211634,0.6521615954597113,0.9771106186149032,0.8308940217985926,30.119783696123264,25.032549576479486,33.82244054906812,29.658257940556954
"[19129,51780]_patch_2_7",0.7939416888900211,0.9138049269378592,0.9118317163174066,0.8731927773817624,0.8053284423690457,0.6485602376175661,0.9757367248828512,0.8098751349564877,27.50262127792218,25.681575593132724,33.66735110247983,28.950515991178246
"[19129,51780]_patch_2_8",0.774416540690579,0.9469709449381633,0.9208906619171325,0.8807593825152916,0.8548278525444724,0.7568163963730871,0.9771685819722751,0.8629376102966115,25.92072727673108,28.70876312167221,34.59886959331567,29.74278666390632
"[19129,51780]_patch_3_0",0.8330869082158985,0.895413568566848,0.9450666363363434,0.8911890377063633,0.8618740946535467,0.6750223281649085,0.9807036635925952,0.8392000288036835,30.1763328980852,24.78772868971147,36.19254079190203,30.385534126566238
"[19129,51780]_patch_3_1",0.8409894639644182,0.8610868318497206,0.9543125768084182,0.8854629575408524,0.8295260760928328,0.6609603533587874,0.9823167851002863,0.8242677381839689,30.250884238473805,23.948289947920127,37.15561903164195,30.451597739345292
"[19129,51780]_patch_3_2",0.8615302237636842,0.8627056321833539,0.9489690639494932,0.8910683066321772,0.8498833521648003,0.618096615378144,0.98130613208265,0.8164286998751981,31.137332892306024,23.983744295620532,36.6151430883514,30.578740092092655
"[19129,51780]_patch_3_3",0.8241696428862666,0.9162766094934223,0.9300915891139073,0.8901792804978653,0.8523457895799145,0.6419939596400862,0.9775004847703889,0.8239467446634632,30.179198683717935,26.42484567957945,34.75171090718206,30.45191842349315
"[19129,51780]_patch_3_4",0.8392986998115552,0.9328267890989478,0.930111034345335,0.9007455077519461,0.8550105863940431,0.6793002185597556,0.9771963259729434,0.8371690436422474,31.127667642920702,27.381003893473896,34.90337784797526,31.13734979478995
"[19129,51780]_patch_3_5",0.8813219694675289,0.8829104057804176,0.9373736778308508,0.9005353510262658,0.9071174736525608,0.6400630094972312,0.9783098618288184,0.8418301149928702,32.340488165659444,24.68263257275533,35.49743179274509,30.84018417705329
"[19129,51780]_patch_3_6",0.8604194208333943,0.8966669972510367,0.9241942583487303,0.8937602254777204,0.8816875612317987,0.636800405796539,0.9776837775329529,0.8320572481870969,31.250813752540104,24.98495360661739,34.32145467511618,30.185740678091225
"[19129,51780]_patch_3_7",0.8050459933759121,0.9391696971787284,0.9033913717322899,0.8825356874289768,0.7982819648627354,0.7133225007469998,0.9737820237748882,0.8284621631282079,29.069710961897968,27.87005170466836,33.0534813172418,29.997747994602708
"[19129,51780]_patch_3_8",0.8118622240055031,0.9554964771760065,0.911571392003938,0.8929766977284825,0.8605121733186261,0.7602640284462086,0.9740046390670644,0.8649269469439663,27.968328654885376,30.61115958487399,33.72130547453426,30.76693123809788
"[19129,51780]_patch_4_0",0.8496221848614839,0.8749047709564218,0.9444562162825477,0.8896610573668178,0.8530247238530666,0.626740511160855,0.9792636410868234,0.8196762920335816,30.473528224308957,23.91856248351866,36.548174663885995,30.31342179057121
"[19129,51780]_patch_4_1",0.8353980656895453,0.8752511263337333,0.9513347440977652,0.8873279787070146,0.8022623061435842,0.6514308097889543,0.9818672588028724,0.811853458245137,29.57295631828986,24.374673368122167,37.59643484656323,30.514688177658417
"[19129,51780]_patch_4_2",0.8725652110107374,0.8741847191574104,0.9484178131444568,0.8983892477708681,0.8431786938612471,0.650241988006447,0.981897920217624,0.8251062006951061,31.3790218777641,24.571688457581967,36.93209565698469,30.96093533077692
"[19129,51780]_patch_4_3",0.864611202216142,0.8993602606596566,0.9349433743861192,0.899638279087306,0.8911483522422063,0.6685740781088331,0.9791238146112389,0.8462820816540928,32.743554428917,25.641280397309153,35.12600158270314,31.17027880297643
"[19129,51780]_patch_4_4",0.838727568389735,0.9221667048919582,0.9222244681344695,0.8943729138053875,0.8725973547075996,0.7365823180975785,0.9762203540535342,0.861800008952904,31.715244139713402,26.568360109975227,34.12629503636643,30.803299762018355
"[19129,51780]_patch_4_5",0.8533964097593345,0.9063074068930452,0.9258780182959265,0.8951939449827687,0.884410604930742,0.6868693649889657,0.975579655399638,0.8489532084397818,31.467567149382248,25.514829852893097,34.66472896051154,30.54904198759563
"[19129,51780]_patch_4_6",0.8591076995540834,0.9120437200224993,0.9189562276076294,0.8967025490614041,0.8858872166538097,0.6727926777206218,0.9763632377562105,0.8450143773768807,31.930203062974947,26.418283846984014,34.141954702595896,30.830147204184954
"[19129,51780]_patch_4_7",0.8253317940807992,0.9340024477806571,0.8989613902368666,0.8860985440327743,0.848161742370251,0.7391481943796525,0.9736947126898339,0.8536682164799124,30.751222261802724,27.026687118938387,32.524847295396974,30.100918892046025
"[19129,51780]_patch_4_8",0.8069513552631841,0.956212990577273,0.8928346871975488,0.8853330110126686,0.8119857926460375,0.6553657674998586,0.9717610608162613,0.8130375403207192,28.441152413357234,28.79796060648626,32.11474045748808,29.78461782577719
"[19129,51780]_patch_5_0",0.8488740127414949,0.9224609407084813,0.9291660245259475,0.9001669926586412,0.8793711217147011,0.5062621962154347,0.9766242806578308,0.7874191995293223,31.465534042231194,26.334453130696534,34.822798811176476,30.874261994701403
"[19129,51780]_patch_5_1",0.867926044980665,0.9370476944373773,0.9388261984432301,0.9145999792870908,0.8840893815676253,0.5488582709244578,0.9796487926334622,0.8041988150418483,32.601082347019,27.841839578980192,35.75342743672679,32.065449787575325
"[19129,51780]_patch_5_2",0.885455528260802,0.9202982387951424,0.9314479282020676,0.912400565086004,0.9021697061759262,0.6499798292778673,0.9783356946485181,0.8434950767007705,33.18731349668589,26.8632810089656,35.06649115616057,31.705695220604024
"[19129,51780]_patch_5_3",0.8708347100604585,0.8885805573084353,0.9243303329415792,0.8945818667701576,0.8942160476262119,0.6375146459062077,0.9777229480955348,0.8364845472093182,32.81080966693604,24.890182321462248,34.29795244021162,30.666314809536633
"[19129,51780]_patch_5_4",0.8547526878645509,0.8835961152178455,0.9267147628963112,0.8883545219929024,0.8864716622222063,0.6922224486652273,0.9771671272024051,0.8519537460299462,31.91068969371664,24.951569282444893,34.540531892921194,30.46759695636091
"[19129,51780]_patch_5_5",0.8454396780837048,0.918090856003011,0.917587221625176,0.8937059185706305,0.8831621409658525,0.6794900666609142,0.974571202397645,0.8457411366748039,31.319629105753837,26.58432353096928,34.113256012868604,30.67240288319724
"[19129,51780]_patch_5_6",0.8470422501742403,0.9378193900338239,0.9014072200525454,0.8954229534202032,0.8699923067379768,0.7058522158312475,0.9732499664733775,0.8496981630142005,31.874149167757302,28.64003807361952,32.980976150783555,31.16505446405346
"[19129,51780]_patch_5_7",0.8404341367009326,0.9330213381581289,0.9024964029128738,0.8919839592573119,0.856972700386326,0.7214631286493842,0.9747001809130496,0.8510453366495865,30.931337038215187,27.363864033273742,32.88989674584252,30.39503260577715
"[19129,51780]_patch_5_8",0.817599594547608,0.9545990651574588,0.8890707487146225,0.8870898028065631,0.8305742990216433,0.7301153164028081,0.9739418500002195,0.8448771551415569,29.001524135487834,28.80296876291915,31.73677413891302,29.847089012440005
"[19129,51780]_patch_6_0",0.8527373456218555,0.9377039970399023,0.9219699586166217,0.9041371004261265,0.8823947123681373,0.6399607422914613,0.9762532924947023,0.832869582384767,32.25404877262049,27.816687373356434,34.32726666152233,31.466000935833083
"[19129,51780]_patch_6_1",0.8534835948647002,0.9555041695292844,0.9202092022963902,0.9097323222301249,0.8880045538628525,0.593183680910579,0.9762841154940403,0.8191574500891573,32.8295605647895,29.75337891115391,34.01330462783041,32.19874803459127
"[19129,51780]_patch_6_2",0.8702262059842197,0.9136579041239158,0.9268684599601048,0.9035841900227468,0.8963280366371393,0.6113096501152727,0.9764862420418406,0.8280413095980843,32.81433321121201,26.24803261581247,35.03089085128191,31.364418892768796
"[19129,51780]_patch_6_3",0.8674122308518482,0.8825053655284265,0.9264395111866391,0.892119035855638,0.8871119558301307,0.6445096205054448,0.9767757656014544,0.8361324473123434,32.697981143848615,24.511879374899614,34.90544987777334,30.705103465507193
"[19129,51780]_patch_6_4",0.8592754620048814,0.8838214521922387,0.9358860890698917,0.8929943344223373,0.8728920897702508,0.6986976692653153,0.9777127600356774,0.8497675063570812,31.846188148705565,25.141465797682542,35.766445467451234,30.91803313794645
"[19129,51780]_patch_6_5",0.8669921192618674,0.918520558463181,0.9336881204914514,0.9064002660721666,0.8800737433699325,0.700670702233563,0.9770978622164447,0.8526141026066467,31.639713849681304,27.404535889505077,35.846978698478196,31.630409479221527
"[19129,51780]_patch_6_6",0.8691878957245278,0.9277491013770327,0.9276681518273501,0.9082017163096369,0.8829077516935463,0.5928939154054907,0.9752802003949371,0.817027289164658,31.914866244311085,27.623326304461024,35.60563020411253,31.71460758429488
"[19129,51780]_patch_6_7",0.8784988922835347,0.8896709043643856,0.9308605420042962,0.8996767795507389,0.9044354728209623,0.5722488537400827,0.9739312497320906,0.8168718587643785,31.907540841624336,25.60887559828844,36.15298033129775,31.223132257070176
"[19129,51780]_patch_6_8",0.8777089365887207,0.9068372545349883,0.9125287945009674,0.8990249952082254,0.9279727334170415,0.6610685976305336,0.9698525191845904,0.8529646167440551,30.504613623792586,26.20527594793607,34.279389078851715,30.329759550193454
"[21061,52430]_patch_0_0",0.809182533167872,0.8890739220580338,0.9423051476777197,0.8801872009678752,0.7941961310113661,0.5047051844655902,0.9826434248938214,0.7605149134569259,25.311231122923722,24.959210758740866,39.514146824844076,29.928196235502885
"[21061,52430]_patch_0_1",0.8024627706135344,0.9008760126603111,0.9247180546198567,0.8760189459645674,0.8323890331085,0.6165441429998332,0.9816612424056315,0.8101981395046548,25.384590762750136,27.372628983596506,38.3278810798612,30.361700275402615
"[21061,52430]_patch_0_2",0.7669343627959496,0.8806149798073711,0.9046437741449181,0.8507310389160797,0.8537339032412509,0.6389737813846114,0.9809060951337872,0.8245379265865499,24.52630380423725,26.993981450538868,35.759517942716016,29.093267732497377
"[21061,52430]_patch_0_3",0.7437193107896443,0.8807455926259515,0.920796994787793,0.848420632734463,0.8246726560640936,0.6408920719645925,0.9808358633709867,0.815466863799891,23.708703411861094,26.077099721726626,37.00072650498687,28.928843212858197
"[21061,52430]_patch_0_4",0.7954421240190885,0.8641016257368869,0.937081255168057,0.8655416683080107,0.8515025014311569,0.648520814400791,0.9836653903725554,0.827896235401501,24.996896473356635,24.732323868651864,38.635058479905126,29.454759607304542
"[21061,52430]_patch_0_5",0.7212332812468003,0.8397381484015748,0.9245639591455953,0.8285117962646568,0.8335448020673771,0.6169503474863384,0.9820318341430558,0.8108423278989237,22.398840114882695,24.885863703432413,36.1117783028005,27.798827373705205
"[21061,52430]_patch_0_6",0.7846547696862545,0.7437831876546597,0.9391709913078002,0.8225363162162381,0.8474842129059269,0.6151542540824245,0.9829269127747516,0.8151884599210343,22.9568314224607,21.022736607700992,36.90525897206567,26.961609000742452
"[21061,52430]_patch_0_7",0.766580986510568,0.7444826892866032,0.9406455354616833,0.8172364037529515,0.7826280996041032,0.7024555257696348,0.9834260975439385,0.8228365743058922,21.238018214651117,21.308558837196067,38.472498413741874,27.006358488529685
"[21061,52430]_patch_0_8",0.7311415002035724,0.8869681219810571,0.9385872481610616,0.8522322901152304,0.7557652863128416,0.7046456794128506,0.9841706412640222,0.8148605356632381,20.274805944986,25.942172407323604,40.02754821069857,28.748175521002725
"[21061,52430]_patch_1_0",0.824050295489253,0.8950427790737469,0.9545446722658707,0.8912125822762902,0.6673866690017307,0.5250089508316282,0.9829188318176202,0.725104817216993,25.475574095803015,26.45002263587954,41.447982813208206,31.124526514963588
"[21061,52430]_patch_1_1",0.7829791499849735,0.9024060920558565,0.949238574551887,0.8782079388642391,0.791633462319517,0.673026839478913,0.9836079764516735,0.8160894260833679,23.6172938202074,27.033460295373573,40.2774981972245,30.309417437601827
"[21061,52430]_patch_1_2",0.801409245556006,0.889261498303426,0.9446496415609065,0.8784401284734461,0.8528637135072199,0.6356055523753605,0.9834312499147313,0.8239668385991039,24.446790473468717,25.847316234446318,39.14069216238603,29.81159962343369
"[21061,52430]_patch_1_3",0.793190390925014,0.881861163224806,0.9369181946677908,0.8706565829392036,0.8417538521240923,0.5476836752256312,0.9823909582434437,0.7906094951977224,25.055358079639745,25.86549973882638,38.56753942018859,29.829465746218236
"[21061,52430]_patch_1_4",0.7187403512193771,0.8915699898834863,0.9173309796203282,0.8425471069077305,0.7965749384963885,0.6519635975337753,0.9820234944869803,0.8101873435057149,23.71975399966835,27.17411518368657,37.75532834155241,29.549732508302444
"[21061,52430]_patch_1_5",0.6369869712310515,0.917553085651545,0.9357997859335443,0.8301132809387136,0.7717473723092245,0.6466748445827457,0.9842511602183499,0.80089112570344,22.239862980539144,27.781211670935782,38.81938573548079,29.61348679565191
"[21061,52430]_patch_1_6",0.6529567885033678,0.876716579901555,0.9456753031152055,0.8251162238400428,0.772162712848771,0.641006664928575,0.9839931537547592,0.7990541771773684,21.66059523610467,24.96696269163906,39.646002318381626,28.75785341537512
"[21061,52430]_patch_1_7",0.6771325382968809,0.8731499662013846,0.938689139166048,0.8296572145547713,0.7763801289652008,0.6465520666965497,0.9829287983096682,0.8019536646571396,20.802018844114247,24.866635166446528,39.56583645928376,28.41149682328151
"[21061,52430]_patch_1_8",0.6370362530195427,0.8896115122158391,0.931324995425906,0.8193242535537625,0.7359820468194904,0.6432790176891128,0.9824808068344264,0.7872472904476765,19.403815559179446,26.514891725437906,39.229178133020405,28.382628472545917
"[21061,52430]_patch_2_0",0.9017251401853686,0.9102241521545743,0.9565231485526242,0.922824146964189,0.06745231805645552,0.5332689251887001,0.9814880659882983,0.527403103077818,31.403226853045425,27.151289884149268,42.93825152695629,33.830922754716994
"[21061,52430]_patch_2_1",0.8388440479906065,0.8936932073449599,0.9548447354713958,0.895793996935654,0.6574226573965487,0.6545491219892676,0.982973474629008,0.7649817513382748,24.1107788819224,26.09589292906159,41.704495079041365,30.63705563000845
"[21061,52430]_patch_2_2",0.8868100825833637,0.828567955789438,0.954301451517506,0.8898931632967693,0.7381055306488682,0.6139386470982633,0.9839422953104143,0.7786621576858486,24.8855141744964,23.398126096941596,40.40055539454217,29.56139855532672
"[21061,52430]_patch_2_3",0.8440954426718843,0.8134526988151938,0.9483375443593411,0.8686285619488064,0.8620514754930252,0.571705835281948,0.9830616564413058,0.8056063224054264,26.056837711554735,22.994342320481454,39.58761482712577,29.54626495305398
"[21061,52430]_patch_2_4",0.719675819480777,0.9067405003549278,0.9372685181878709,0.8545616126745252,0.7786956906183862,0.704398778123678,0.9831056694636201,0.8220667127352281,23.321402168807374,27.240024751317627,39.03840133835767,29.866609419494225
"[21061,52430]_patch_2_5",0.6963824215844021,0.9099613520568577,0.9426683784674503,0.84967071736957,0.7658352523338462,0.6664541526251265,0.9822935491358376,0.8048609846982702,23.03667457576247,28.3077076651757,39.21295586977998,30.185779370239384
"[21061,52430]_patch_2_6",0.6280441469435203,0.8982604116474188,0.9443923896784678,0.8235656494231356,0.7508927767013363,0.6174965419640219,0.9830359572624485,0.7838084253092689,21.308194857883507,26.655787860366654,39.429604383653796,29.131195700634652
"[21061,52430]_patch_2_7",0.5865912401888593,0.9216526477411411,0.941513356330961,0.8165857480869873,0.7157297929102192,0.5882450650649748,0.9838225833567936,0.7625991471106626,19.96924443800663,27.114813484399907,40.23898688349505,29.107681601967197
"[21061,52430]_patch_2_8",0.6376768310206393,0.8793283513180099,0.9394506596771465,0.8188186140052652,0.7479215266735111,0.6394048112989802,0.9831955032133356,0.7901739470619423,19.95649542905507,25.50030989351468,39.80088641825101,28.419230580273588
"[21061,52430]_patch_3_0",0.9651120499324282,0.9396846031732167,0.9557981191724034,0.9535315907593495,0.08111767673044842,0.5317347327143678,0.9805381737437721,0.5311301943961961,42.86940742230775,27.95376861335623,42.97657960553026,37.93325188039808
"[21061,52430]_patch_3_1",0.9410553285191859,0.922715774057278,0.9531532488366894,0.9389747838043845,0.5371618451863556,0.5463727537260312,0.9818251702100764,0.6884532563741544,28.141023725136716,26.5851302949173,42.55252877354618,32.42622759786673
"[21061,52430]_patch_3_2",0.9528780515754425,0.8755777354701654,0.9517727065639985,0.9267428312032021,0.5131024017415434,0.6000060033888905,0.9827086398839339,0.698605681671456,28.006768939147783,24.4145753387764,41.162604363785384,31.194649547236523
"[21061,52430]_patch_3_3",0.8825356549852752,0.8544129736862034,0.9530548349603147,0.8966678212105977,0.7903292438965239,0.5457761650214364,0.9830267220915251,0.7730440436698284,25.784203541155595,23.449105197867745,41.04669783632947,30.093335525117606
"[21061,52430]_patch_3_4",0.8132275434659562,0.8458797429778306,0.9542652803028145,0.8711241889155338,0.7677717927788126,0.5589046282272553,0.985194570946814,0.7706236639842938,23.86647207304764,23.659951121750474,40.87990719440757,29.468776796401897
"[21061,52430]_patch_3_5",0.8220406999420571,0.8059018650342845,0.9536273731389816,0.8605233127051077,0.6773332096515279,0.5482749874990431,0.9852243547746544,0.7369441839750751,24.024679925834775,22.991166411303617,40.03933810985817,29.01839481566552
"[21061,52430]_patch_3_6",0.6946452053920412,0.8780755969415083,0.9466794971169297,0.8398000998168264,0.7934029205816556,0.5670001292252077,0.9837317951324461,0.7813782816464365,22.273859271485776,25.214553764929978,39.866567523333465,29.118326853249737
"[21061,52430]_patch_3_7",0.5981321339203898,0.909151328594939,0.939460989265219,0.8155814839268493,0.7211620802877189,0.5811345000515281,0.9825399735601988,0.7616121846331486,20.958301112534624,26.851410655161576,39.89421108053274,29.23464094940965
"[21061,52430]_patch_3_8",0.6294912544837308,0.8720756290970968,0.9359373486442394,0.8125014107416889,0.7617197189177772,0.6306837107532667,0.9830266838787907,0.7918100378499449,20.678670035060733,24.985133940842378,39.80767909228165,28.49049435606159
"[21061,52430]_patch_4_0",0.9744941655371846,0.9433272962577512,0.9546179290019237,0.9574797969322866,0.13210145553281197,0.277845799500891,0.9798647974788437,0.46327068417084893,45.19563511568802,26.01658349489782,42.68410640662821,37.96544167240469
"[21061,52430]_patch_4_1",0.9845918147063577,0.934915053113361,0.9508405281291376,0.9567824653162854,0.16302712797100105,0.3096846496810756,0.9800135746188725,0.4842417840903164,51.12018020149432,25.80985481346897,42.25427739650206,39.72810413715512
"[21061,52430]_patch_4_2",0.9700677330808821,0.938245439209316,0.9535861811872325,0.9539664511591436,0.040800941768043074,0.39972686528912404,0.9800811656447846,0.4735363242339839,38.66367479642774,27.63831231773825,42.67814517594131,36.3267107633691
"[21061,52430]_patch_4_3",0.9657693594322075,0.8932085041048535,0.9578560237762193,0.9389446291044269,0.020580744544011362,0.3619943249067067,0.9811406111494504,0.4545718935333895,37.896395334626234,24.844731488978816,42.96305519619922,35.23472733993476
"[21061,52430]_patch_4_4",0.9723425763767716,0.803554556203158,0.9583601738665928,0.9114191021488408,0.028521733754963117,0.4265219697386081,0.9843561985648802,0.4797999673528171,40.19574713270342,21.993849016287584,41.46704208588763,34.55221274495954
"[21061,52430]_patch_4_5",0.8843464156845499,0.7856499003968588,0.9538403849839174,0.874612233688442,0.8965433365216186,0.5103353975856971,0.9848185002267573,0.7972324114446909,25.958383424312004,21.995311199944553,40.29120522768301,29.414966617313187
"[21061,52430]_patch_4_6",0.7304185519572163,0.887665640640813,0.9396462159655964,0.8525768028545418,0.8197361007691284,0.6289135932791727,0.9828005467326989,0.8104834135936666,23.90162387607961,25.636896166613298,39.16702329953222,29.568514447408376
"[21061,52430]_patch_4_7",0.6399470599823575,0.9312881846491192,0.9327899835644907,0.8346750760653224,0.7201142258620254,0.5880852176919458,0.9806096304648432,0.7629363580062715,22.71799292314883,27.342597352386306,39.35201701449441,29.80420243000985
"[21061,52430]_patch_4_8",0.6059284735493595,0.896840494197254,0.9305710315445275,0.811113333097047,0.7608463262456681,0.5719465500644209,0.977633768953439,0.7701422150878426,20.8054482583966,25.609709182662716,39.503834587543125,28.639664009534147
"[21061,52430]_patch_5_0",0.9481665463481952,0.9316335593119884,0.9542667948910785,0.9446889668504207,0.09457404942780258,0.2599823255489512,0.9803550860116169,0.4449704869961235,39.94860389122656,24.885832233689285,42.299354525189074,35.71126355003497
"[21061,52430]_patch_5_1",0.9742200455670866,0.9068047932464179,0.9515488358628816,0.9441912248921286,0.12722940939863545,0.26084936158155786,0.9825397371507433,0.45687283604364554,45.720653531086015,23.47171280814812,42.26003549261618,37.15080061061677
"[21061,52430]_patch_5_2",0.974736661280383,0.9051209146821871,0.9577354433294372,0.9458643397640024,0.02987865315032105,0.4272198325657463,0.9837659759881516,0.48028815390140633,43.85830404664433,24.734415744718923,42.572656645267145,37.055125478876796
"[21061,52430]_patch_5_3",0.9577838349512847,0.883209547173892,0.9579173028096856,0.9329702283116208,0.016808590230950157,0.4120544724115799,0.9822571902684394,0.4703734176369898,36.89394446627524,24.624412264047997,42.28071435911623,34.599690363146486
"[21061,52430]_patch_5_4",0.9664405221653344,0.8676776157876991,0.9565835534974362,0.9302338971501566,0.030144387541787533,0.3810391852723725,0.9806556713181906,0.46394641471078363,38.021685610820505,24.0887804556229,41.43955615084208,34.51667407242849
"[21061,52430]_patch_5_5",0.913165215552703,0.8522456469321404,0.9569500213173605,0.907453627934068,0.8908923995766722,0.5224545239836158,0.9834744755706996,0.7989404663769958,26.765371091078613,23.964115254845566,41.257641627697375,30.662375991207185
"[21061,52430]_patch_5_6",0.8373229575948793,0.8331605395862683,0.9505410358470788,0.8736748443427422,0.878154129699124,0.5874708443504878,0.9841227101905992,0.8165825614134036,25.623781966213453,23.702652780089807,39.72293321439115,29.683122653564805
"[21061,52430]_patch_5_7",0.7114830842416501,0.8907258603273912,0.9398929961818985,0.8473673135836467,0.7760529860914926,0.6716412680535907,0.9826787633914618,0.8101243391788483,23.909475591074177,25.53068900473815,39.19410757609592,29.54475739063608
"[21061,52430]_patch_5_8",0.5937369598737047,0.8855906042432738,0.934195462465412,0.8045076755274635,0.6729428629648677,0.6481121710503672,0.9807414373266838,0.7672654904473063,20.562116396953062,25.43385012882185,39.41609725356012,28.47068792644501
"[21061,52430]_patch_6_0",0.9407206720561827,0.9291184511738994,0.9546691771772292,0.941502766802437,0.11916072849611593,0.3786146474883875,0.9781167239408889,0.4919640333084641,40.14454674657952,25.631423073210247,42.20164453959953,35.99253811979643
"[21061,52430]_patch_6_1",0.9711889379826295,0.8924456886729317,0.9519042749953233,0.9385129672169615,0.0377119056947222,0.3390030386851137,0.9833231806353366,0.45334604167172415,45.34321179481132,23.39098038296672,42.274150230826805,37.00278080286828
"[21061,52430]_patch_6_2",0.9836176322548852,0.9033775996361215,0.9578913136793845,0.9482955151901304,0.03773107473225899,0.45214175456762834,0.9845488266846665,0.4914738853281846,46.696130757831114,24.421802385737728,42.59077734960133,37.90290349772339
"[21061,52430]_patch_6_3",0.9793980496936155,0.900363017363524,0.9566022954640347,0.9454544541737248,0.0026416657455896266,0.5604248116349908,0.9828799174860358,0.5153154649555387,47.12932659883219,25.281146912618592,41.82915573741702,38.07987641628927
"[21061,52430]_patch_6_4",0.9737782455257795,0.9115581470885328,0.9504561659983577,0.9452641862042234,-0.0013270661822375814,0.5167641340418065,0.9771729531925216,0.49753667368403026,42.74831600261081,25.639600761575558,40.639155057340666,36.342357273842346
"[21061,52430]_patch_6_5",0.9504608247526191,0.8935103924370089,0.9543420514833931,0.9327710895576736,-0.011946084447837471,0.3306014022426576,0.976882126291935,0.4318458146955851,33.09580742047844,25.92204212738966,40.59082442286631,33.202891323578136
"[21061,52430]_patch_6_6",0.9003819687611716,0.7831843398696551,0.9548874904343512,0.8794845996883925,0.7865564741774255,0.49214950834132015,0.9839468075575347,0.7542175966920935,27.28196999437975,22.634449937554535,41.021492038595476,30.31263732350992
"[21061,52430]_patch_6_7",0.7637575453716489,0.81588384725862,0.9414710878765571,0.8403708268356086,0.8340324286309027,0.5594933042726882,0.9824387189353512,0.7919881506129807,24.374024820653666,23.1271117956792,39.57097133046224,29.024035982265037
"[21061,52430]_patch_6_8",0.6477998637759818,0.883842691085838,0.9373477858834689,0.8229967802484296,0.7690487360909349,0.6684125909435885,0.9817650938128589,0.8064088069491274,21.661739502122927,25.688787469279788,39.43867357794959,28.929733516450767
"[21517,53870]_patch_0_0",0.8260375869871978,0.7786278250272256,0.9266609859641164,0.8437754659928466,0.8717986753833041,0.5827854846938215,0.9811214929519182,0.8119018843430146,25.538188991140338,22.197518471600617,37.102580459049314,28.279429307263424
"[21517,53870]_patch_0_1",0.9101290561518267,0.7227832270971756,0.9503543105324352,0.8610888645938125,0.8870897187897723,0.611425057830018,0.9849741699702613,0.8278296488633505,24.86643421623771,20.724106273927948,38.562403786617764,28.050981425594472
"[21517,53870]_patch_0_2",0.9523648995349974,0.8093879242333689,0.9579731668275024,0.9065753301986229,0.88888199121316,0.615363061254627,0.9854570137577947,0.8299006887418606,25.955745286583053,22.201734679368187,39.69207165851421,29.283183874821816
"[21517,53870]_patch_0_3",0.9173791835467967,0.8431794132924211,0.956855010149051,0.9058045356627562,0.881800429912124,0.5165963235110809,0.9858685791108922,0.7947551108446991,26.47897779873242,23.865719599607303,40.420887032793196,30.255194810377635
"[21517,53870]_patch_0_4",0.8603504035382544,0.8614554786001094,0.9384065989887844,0.8867374937090494,0.8836463756116746,0.5113067696566643,0.9849541334456203,0.7933024262379864,26.319354492160958,25.704196171349597,37.86524143134953,29.962930698286698
"[21517,53870]_patch_0_5",0.7959874824826094,0.8987886164602203,0.91141372540203,0.8687299414482865,0.8615122498025413,0.677740068582843,0.9824633837166327,0.8405719007006723,24.750563753775197,28.81671914700119,35.40565326811681,29.657645389631067
"[21517,53870]_patch_0_6",0.789303156891356,0.8976896258189863,0.9297581662773972,0.8722503163292465,0.8313524435239039,0.5785232234546,0.9818331310673668,0.7972362660152902,25.74139727414059,26.847148512301917,36.84913679445066,29.812560860297722
"[21517,53870]_patch_0_7",0.7181667194716985,0.871893904175265,0.9405032954068975,0.8435213063512871,0.5767427792137678,0.6233945561271227,0.9841547441981702,0.7280973598463536,22.050218299900113,24.967162670453003,38.47118305516743,28.49618800850685
"[21517,53870]_patch_0_8",0.6744164921644398,0.8570954899120462,0.9246792928748471,0.8187304249837778,0.7141178571566061,0.6974869445182437,0.9839135963587073,0.7985061326778524,21.436169454355337,25.046765264719323,37.86190766432931,28.11494746113466
"[21517,53870]_patch_1_0",0.844758886634662,0.8152555097142467,0.9349692049562021,0.8649945337683702,0.881258319654025,0.5569186074555564,0.9818632218340986,0.8066800496478933,25.213680449241537,24.567060938069773,37.74245005275524,29.174397146688847
"[21517,53870]_patch_1_1",0.9038468421606455,0.8451962394109682,0.9565448148392539,0.9018626321369559,0.9222778022319197,0.5532129150123112,0.9853910297429532,0.8202939156623947,23.624565472335192,24.41849411050324,39.83090641820937,29.29132200034927
"[21517,53870]_patch_1_2",0.9431699667457505,0.9415909313217748,0.9568742703317404,0.9472117227997553,0.8087181822957571,0.46388625053144905,0.9847873186938856,0.7524639171736972,24.946113632646423,28.91978091980114,40.18763102436136,31.35117519226964
"[21517,53870]_patch_1_3",0.863022563487294,0.8997966850859438,0.9562214033289937,0.9063468839674105,0.7976650368675862,0.557590702982921,0.9845754850206039,0.7799437416237037,24.623427008222947,27.21060139590505,40.636871003762174,30.82363313596339
"[21517,53870]_patch_1_4",0.8105251029586987,0.8547404154808372,0.930396093200847,0.865220537213461,0.807658059011235,0.5753328936785436,0.9835352158914108,0.7888420561937298,23.78928841692577,26.206604322278714,37.37022711707945,29.12203995209465
"[21517,53870]_patch_1_5",0.7895833435239709,0.8779401335328826,0.9229980892957864,0.8635071887842133,0.817729628694774,0.5811643980947027,0.981093827679549,0.7933292848230086,24.18405583606104,26.643779647605662,36.177825820055844,29.00188710124085
"[21517,53870]_patch_1_6",0.8045524415038969,0.9103090826258075,0.9332746034278372,0.8827120425191805,0.8060292552191844,0.5788706770511957,0.9805639840928039,0.7884879721210614,25.31882222067315,27.82318105631461,37.47584517830552,30.20594948509776
"[21517,53870]_patch_1_7",0.8250655478792254,0.9222053637294341,0.9346078815679507,0.8939595977255368,0.8554770539328261,0.6170797779196446,0.9821315338236513,0.818229455225374,25.96171944512079,27.134462126232126,39.537851566451586,30.87801104593483
"[21517,53870]_patch_1_8",0.7737380624668447,0.8912393697031219,0.9206391649578437,0.8618721990426034,0.8500518682404651,0.73485309708398,0.9817085860510888,0.8555378504585113,23.99760748799201,25.9706136088068,38.942920284956166,29.637047127251662
"[21517,53870]_patch_2_0",0.8651376415318062,0.8713303398092367,0.9533216624058172,0.89659654791562,0.9066721303334814,0.4966894356934851,0.9853320782545599,0.7962312147605087,22.858502778568113,26.09839402076808,39.64452075737444,29.533805852236878
"[21517,53870]_patch_2_1",0.9415244716757095,0.9181418804355723,0.9526542362595058,0.9374401961235957,0.7117894730023118,0.19067707919181956,0.9845424247279497,0.6290029923073603,25.242283232386562,27.191235167345823,40.03044137167905,30.821319923803813
"[21517,53870]_patch_2_2",0.9710719404046892,0.9447537980655035,0.9546888692630552,0.9568382025777494,0.11922495406191035,0.3049273242594522,0.9832043771687216,0.46911888516336137,37.991204759641526,29.10900607963483,41.19512860208768,36.098446480454676
"[21517,53870]_patch_2_3",0.9058559779064722,0.911197837162833,0.9580474993624281,0.9250337714772444,0.47015016376419994,0.5793626894048217,0.9840113585550667,0.6778414039080295,27.735540240884262,27.93224669665839,41.22704988317747,32.29827894024004
"[21517,53870]_patch_2_4",0.8525258861943411,0.8382273917930085,0.9558857102059343,0.8822129960644279,0.7756290011889944,0.5271343037780614,0.9860554136757549,0.7629395728809368,25.842778389659877,23.54081949997721,40.07521731987504,29.819605069837376
"[21517,53870]_patch_2_5",0.8271252624689375,0.836830899867019,0.9376952838012339,0.8672171487123967,0.8155381573825526,0.5463402205126593,0.9827736466692814,0.7815506748548312,25.73294465807728,23.935602158212525,37.17907123855336,28.949206018281057
"[21517,53870]_patch_2_6",0.8072987257399534,0.9014150864071733,0.9315231776948367,0.8800789966139879,0.80633198762373,0.5498673700052197,0.9818600447908196,0.7793531341399231,25.53367633068463,26.28438179120877,37.22669670550755,29.681584942466984
"[21517,53870]_patch_2_7",0.8408022767928264,0.904045042011369,0.9323720284267633,0.8924064490769862,0.8485817734519912,0.6989650743517304,0.9850752353552893,0.8442073610530035,26.20217557835624,26.155403513188105,38.142460884605846,30.166679992050064
"[21517,53870]_patch_2_8",0.7821555782477363,0.849084937936712,0.9181838639795319,0.8498081267213268,0.8473627124475421,0.7115482796979907,0.9831948316934684,0.8473686079463337,23.263019302462446,24.276668869924315,37.03129862834917,28.190328933578645
"[21517,53870]_patch_3_0",0.959380148570588,0.9255167609612877,0.9574436652390796,0.9474468582569852,0.955742171671527,0.5035826575901973,0.984634545139745,0.8146531248004898,27.783000159773465,27.1613827529397,40.856926892721184,31.933769935144785
"[21517,53870]_patch_3_1",0.9876990875976933,0.941031631889132,0.9547161262979743,0.9611489485949333,0.049795265628437176,0.41820231673949254,0.9835689845266699,0.4838555222981999,41.22208129231541,27.9535060253815,42.17602371556402,37.11720367775364
"[21517,53870]_patch_3_2",0.9812026701408988,0.9546376286463483,0.9553194337713039,0.9637199108528504,0.22024515158067418,0.4180179039009396,0.9841364597942256,0.5407998384252798,39.14070261449122,29.48910413715906,42.0470151306639,36.8922739607714
"[21517,53870]_patch_3_3",0.9799260655621552,0.9432770498739252,0.9540566671240679,0.959086594186716,0.20190666010301453,0.504528430867224,0.9837787143336876,0.5634046017679754,34.709638259627376,28.17631258786247,41.76442323636533,34.883458027951725
"[21517,53870]_patch_3_4",0.9167124662780605,0.8504948548292361,0.9590771210940933,0.9087614807337966,0.40796361826152544,0.5390225878791025,0.9862669266426126,0.6444177109277468,27.09355190342574,23.483857162289425,41.216150749200686,30.597853271638616
"[21517,53870]_patch_3_5",0.8501528311301454,0.840330323355419,0.9465351373178622,0.8790060972678089,0.8123101390318942,0.6016738607923409,0.9841278062546365,0.7993706020262904,26.37763062211947,23.743228329542966,38.65086011038376,29.59057302068207
"[21517,53870]_patch_3_6",0.7654363981279605,0.8718012101487662,0.9277548353946237,0.8549974812237835,0.7891358602825348,0.6532261812566488,0.982180277452984,0.8081807729973892,24.535395241508983,24.915338371792526,37.253878185116896,28.901537266139467
"[21517,53870]_patch_3_7",0.7468474890337211,0.829711164258558,0.9202691889220176,0.8322759474047655,0.796071229908721,0.6976256119133822,0.9835962939207109,0.8257643785809381,24.021232308361945,23.394661914274508,36.977237225070496,28.131043815902316
"[21517,53870]_patch_3_8",0.7541221888682904,0.8153883386116073,0.894282080216908,0.8212642025656018,0.8401623041293108,0.7016340639890327,0.9823413948152554,0.8413792543111996,23.204604200171524,23.632247270888215,36.04849222706652,27.62844789937542
"[21517,53870]_patch_4_0",0.986310480102825,0.9433610197216474,0.9587122494341024,0.9627945830861916,0.026567054316163102,0.5660448253297136,0.9826497281885543,0.525087202611477,52.72244946243728,27.9869931189744,43.219241466803155,41.309561349404945
"[21517,53870]_patch_4_1",0.9737525622455249,0.9439329170459225,0.9577199354487957,0.9584684715800811,0.00886349058920417,0.445348421936184,0.9819029464634749,0.4787049529962877,42.986222313520514,27.99173035881938,43.43266094954566,38.13687120729518
"[21517,53870]_patch_4_2",0.9853204720062626,0.9578027123384508,0.9566177725160399,0.9665803189535844,0.026747801386882635,0.5068272078697922,0.9816648053309903,0.5050799381958884,44.22795113029365,30.39411758525555,42.99387577880606,39.20531483145175
"[21517,53870]_patch_4_3",0.9232412977439186,0.9408831474274325,0.953110654566463,0.9390783665792714,0.8159145568267557,0.5277983543114643,0.982795474889284,0.7755027953425012,25.477263766345132,28.820997932995525,41.11437392642305,31.804211875254566
"[21517,53870]_patch_4_4",0.8069266385291229,0.8936782112141209,0.9526833044248689,0.8844293847227043,0.814476949582801,0.5999600268470212,0.9844547300544085,0.7996305688280768,23.16158880306698,25.91980054620866,40.21559526216595,29.765661537147196
"[21517,53870]_patch_4_5",0.7641169717745901,0.8864911412815214,0.943437058956454,0.8646817240041885,0.7694253803867517,0.674179093782502,0.9831733270904199,0.8089259337532245,23.780907487371717,26.333646266002972,38.96765396708078,29.694069240151823
"[21517,53870]_patch_4_6",0.7272569455607266,0.8334665337737146,0.9424057622818274,0.8343764138720896,0.702555500482609,0.6351075898025788,0.9831722111647555,0.7736117671499811,22.895256078548293,23.897858326322414,38.818558801471006,28.537224402113907
"[21517,53870]_patch_4_7",0.7814585880484028,0.7975637258895495,0.9394036774434658,0.8394753304604726,0.7545718289965226,0.6410072483989033,0.981852578888876,0.7924772187614341,23.908509963686207,22.63211231321984,38.34640256574622,28.295674947550754
"[21517,53870]_patch_4_8",0.7557865440874143,0.8322052427441564,0.920587717642375,0.836193168157982,0.8250148137307837,0.6560410910996056,0.9816159500952273,0.8208906183085389,23.13264839927955,23.908665372081508,37.238850052774374,28.093387941378477
"[21517,53870]_patch_5_0",0.9647556609081052,0.9564791719555996,0.9584983917053016,0.9599110748563354,0.023260800344325677,0.5634450710351773,0.9804691216534507,0.5223916643443179,42.98067703855489,29.023781671518552,43.10795969933405,38.37080613646916
"[21517,53870]_patch_5_1",0.9652786112965136,0.9451278409289811,0.9568071721642049,0.9557378747965665,0.03150504041619487,0.3530498428756021,0.9791287621951701,0.45456121516232234,41.06501568446339,27.445178689801985,43.21562323888852,37.241939204384636
"[21517,53870]_patch_5_2",0.984640944083789,0.9508887491248281,0.9573008019855267,0.9642768317313811,0.016817125575040125,0.46308161671212444,0.9803879988817373,0.4867622470563006,44.97214936535392,30.313538767727444,43.07605790291937,39.45391534533358
"[21517,53870]_patch_5_3",0.9299241030252835,0.9420404114869372,0.9536202134736966,0.9418615759953056,0.8074243997971517,0.6606799568779048,0.9824554706066327,0.816853275760563,25.633977139373847,29.026067664630794,41.04512243463261,31.90172241287908
"[21517,53870]_patch_5_4",0.7888921238480758,0.9139832623019591,0.9481390520783527,0.8836714794094626,0.8326277701668694,0.6358869637291591,0.9839439471037749,0.8174862269999345,23.52537093853578,27.090942192489823,39.231288624745495,29.949200585257035
"[21517,53870]_patch_5_5",0.6829448023461914,0.9041697678321892,0.9474649286589105,0.8448598329457638,0.7472032518106045,0.6130625280949688,0.9836590807696372,0.7813082868917368,22.45410876076846,27.23414863847839,38.9475066439375,29.54525468106145
"[21517,53870]_patch_5_6",0.6614177039686718,0.8510976892578169,0.9495697256675545,0.8206950396313477,0.6057580205570707,0.6056497064366126,0.9837556151890929,0.7317211140609254,21.857876397586168,24.44540631145017,39.631417701450786,28.64490013682904
"[21517,53870]_patch_5_7",0.7914089098117135,0.8110050495060533,0.9437978796243365,0.8487372796473678,0.7016634768835389,0.6482240894743689,0.9820072421797732,0.7772982695125604,24.01954562202887,23.153645546508805,38.92946696242737,28.700886043655014
"[21517,53870]_patch_5_8",0.8159396225421123,0.8140927359605482,0.9193185138831118,0.8497836241285907,0.8551090104862472,0.6834698499573325,0.9817531700037381,0.8401106768157726,24.812749217042438,23.548768540309418,36.78970801383231,28.383741923728053
"[21517,53870]_patch_6_0",0.9511414695596333,0.9657155977488483,0.9548408256666103,0.9572326309916974,0.030337306054803094,0.2717804774312435,0.9752194483482591,0.4257790772781019,41.037224870992226,29.306908379673573,42.36825097385311,37.570794741506305
"[21517,53870]_patch_6_1",0.972982543038335,0.9446944523116773,0.9546581246571404,0.9574450400023843,0.042881787251071404,0.5591577346646677,0.9794983962617166,0.527179306059152,41.993614344878466,28.052414119875127,42.50961643891371,37.51854830122243
"[21517,53870]_patch_6_2",0.9868742764541834,0.9515706641608646,0.9585294391953574,0.9656581266034685,0.02040742090421064,0.5749581252099449,0.9825275656248456,0.525964370579667,43.38403533326595,29.551587084318285,42.9461170653824,38.62724649432221
"[21517,53870]_patch_6_3",0.9903685634781945,0.9314470019956956,0.9549778577379316,0.9589311410706073,0.5950512189218251,0.6847790151788798,0.982668313038693,0.7541661823797994,48.03540589347179,26.794427437691066,42.361211007194235,39.063681446119034
"[21517,53870]_patch_6_4",0.8340740676434494,0.9023031923447478,0.9528398766402421,0.8964057122094798,0.8082137318347289,0.697334302806378,0.9850768767338804,0.8302083037916624,24.518900898435977,26.38806723681059,40.70678697476332,30.537918370003297
"[21517,53870]_patch_6_5",0.7228836802458269,0.9317299730250224,0.9495306645698056,0.868048105946885,0.8122674119615132,0.6306995261532767,0.9841185773956808,0.8090285051701569,22.969062629249123,28.565840052456522,39.673220356293555,30.402707679333066
"[21517,53870]_patch_6_6",0.7484717591649095,0.8773205354034943,0.9484567869660357,0.8580830271781466,0.7245784906572572,0.633459842692665,0.9828663846229737,0.780301572657632,23.543903303057295,25.498956191228537,39.83414228313573,29.625667259140524
"[21517,53870]_patch_6_7",0.8098409653876834,0.821865013398524,0.9453463605767862,0.8590174464543313,0.6310959859145864,0.6709614309969465,0.9835782236751701,0.7618785468622343,24.246892356339092,23.444824730404292,40.219704434511954,29.30380717375178
"[21517,53870]_patch_6_8",0.8436994531910352,0.8392532652798799,0.936438955638099,0.8731305580363381,0.8199152783851035,0.722916275838375,0.9833070732688878,0.842046209164122,25.266002970363335,24.02695483021839,39.67330070317012,29.655419501250616
"[7941,48408]_patch_0_0",0.7252377442203862,0.8924858504012754,0.9200798800833915,0.845934491568351,0.7766583033916873,0.6936411992557396,0.9822134445722329,0.8175043157398867,23.152258603817128,26.597900634575794,37.187273259487476,28.979144165960133
"[7941,48408]_patch_0_1",0.7208145380809607,0.9051017737567707,0.9180161691465892,0.8479774936614403,0.770354456368023,0.6932699084780213,0.9820182649973066,0.8152142099477837,23.83641045450731,26.960796851478683,35.533714867334375,28.776974057773458
"[7941,48408]_patch_0_2",0.6646965369912385,0.9079043445198063,0.9175429593634762,0.8300479469581736,0.6465294467217059,0.7048738378983256,0.9805320396320328,0.7773117747506881,22.689258831437034,27.725583465419,35.25783757537232,28.557559957409453
"[7941,48408]_patch_0_3",0.7097135928512176,0.8996959513064365,0.9177567252943416,0.8423887564839986,0.6855242453328081,0.6226220128100012,0.9773172240434747,0.7618211607287613,24.272990711817528,27.16613284186073,35.709278933273254,29.049467495650504
"[7941,48408]_patch_0_4",0.823242452018084,0.8573688989315663,0.9470066535957546,0.8758726681818017,0.8551900915224175,0.617158677835963,0.9841453402732138,0.8188313698771981,25.768889784758326,24.312864185425433,37.773800461670895,29.285184810618215
"[7941,48408]_patch_0_5",0.9277665438596172,0.8289439994518492,0.9568955059745803,0.9045353497620156,0.5883652963275179,0.5529283191242934,0.984430706670257,0.7085747740406895,26.73317403190606,22.301925309467464,39.07972030983319,29.371606550402237
"[7941,48408]_patch_0_6",0.9658746423429723,0.8376382352990859,0.9534466269780171,0.918986501540025,0.11182714377365745,0.468769677723193,0.9821380416909888,0.5209116210626131,40.256349455720695,21.81325568428541,39.21860485065728,33.762736663554456
"[7941,48408]_patch_0_7",0.9571146595241302,0.8178812451583867,0.948821931111825,0.9079392785981141,0.020032042729006584,0.5762824241115628,0.9856156510353528,0.5273100392919741,38.06448288429535,22.47963713392085,37.03001137626221,32.524710464826136
"[7941,48408]_patch_0_8",0.8602735484618402,0.784159967239661,0.9281100084052819,0.8575145080355945,0.3446094438830801,0.4637471132921109,0.9845166028511605,0.5976243866754505,26.22074491688053,22.195735986206813,33.55880660361179,27.325095835566383
"[7941,48408]_patch_1_0",0.6771237847800169,0.8456254297360077,0.917199773553629,0.8133163293565513,0.7352212597704652,0.56366247918075,0.977210004201263,0.7586979143841593,22.495706688843356,23.997283402584078,37.01478622535718,27.8359254389282
"[7941,48408]_patch_1_1",0.6885496719534396,0.9311633173635239,0.9218745107478296,0.847195833354931,0.7080407374166925,0.5865063674417547,0.9805845354407067,0.7583772134330512,24.218346524252897,28.785231584703386,37.02812555301395,30.010567887323408
"[7941,48408]_patch_1_2",0.7186749196574352,0.9055816984413845,0.9272612993112438,0.8505059724700211,0.6861678776231692,0.5906433770169783,0.9783445591268561,0.7517186045890013,25.429375964345144,27.04614551884378,35.91289632830292,29.46280593716395
"[7941,48408]_patch_1_3",0.7581680637556091,0.8739406970601791,0.9275858694055255,0.8532315434071046,0.6662755901316382,0.6772705185825085,0.9796631719214713,0.7744030935452061,25.048927886090997,25.998373283617173,35.834450570894006,28.960583913534055
"[7941,48408]_patch_1_4",0.8003876137127909,0.8428513380515634,0.9334404486550607,0.8588931334731383,0.8165464558711208,0.6782354676949413,0.9826905148470296,0.8258241461376973,27.105550018676773,23.880295805036475,35.970205004532545,28.98535027608193
"[7941,48408]_patch_1_5",0.8844671242912027,0.8437721602242091,0.9517800834131955,0.8933397893095357,0.7248477657953626,0.584123665318244,0.983991007727817,0.7643208129471413,26.291810466096518,23.176807309684797,38.30495227243596,29.25785668273909
"[7941,48408]_patch_1_6",0.9759773777280722,0.851873571854082,0.9524298859747231,0.9267602785189591,0.12468896546855954,0.6310956247226266,0.983715127014845,0.579833239068677,42.733503286402296,23.0454797577047,39.09548673317412,34.95815659242704
"[7941,48408]_patch_1_7",0.91081589081219,0.7993195248748713,0.9395543629856301,0.8832299262242306,0.5933304737972389,0.5997693970076109,0.9840618719201295,0.7257205809083264,28.84782675389601,21.808579358941106,35.66832908756079,28.77491173346597
"[7941,48408]_patch_1_8",0.6086003990436304,0.7905700661241702,0.9140760840167907,0.7710821830615305,0.3364171402211321,0.4314336001999749,0.9806535102566778,0.5828347502259282,21.82156805793161,22.705138078335953,33.024357349842,25.850354495369857
"[7941,48408]_patch_2_0",0.5990759512121132,0.7988796489912323,0.9142474194766063,0.7707343398933172,0.6698652062243775,0.5506273204618424,0.9802960051754345,0.7335961772872182,22.61949777056951,22.70234954257709,35.73370328352614,27.018516865557576
"[7941,48408]_patch_2_1",0.6984424117165535,0.8657904310445044,0.9223425580349559,0.8288584669320046,0.7383584328790391,0.582306736840764,0.9810857266569311,0.7672502987922446,25.471810776740455,24.67191802236488,35.42856098621267,28.524096595106002
"[7941,48408]_patch_2_2",0.7596613968042196,0.8661619722794607,0.9282571179171213,0.8513601623336005,0.732781037468433,0.527774100275091,0.9804229066666169,0.746992681470047,25.92336026624757,24.765425705428463,35.32706045475347,28.671948808809834
"[7941,48408]_patch_2_3",0.7773606218957034,0.8789372801091572,0.9261665156293665,0.8608214725447424,0.7078078320080434,0.697760388611889,0.9807870921024383,0.7954517709074569,25.023525953509036,26.174498951377984,35.7569468244453,28.98499057644411
"[7941,48408]_patch_2_4",0.7907137616016848,0.8580541208184032,0.9212504244968623,0.8566727689723167,0.7916713750875704,0.6899658537214622,0.9806644499434795,0.8207672262508373,26.548423693618872,24.39212671817081,35.03980304146958,28.66011781775309
"[7941,48408]_patch_2_5",0.8632250688911326,0.8436159743789247,0.9500648897950569,0.8856353110217047,0.7667060420315318,0.6055079534147082,0.9852889659829801,0.7858343204764067,27.80502945766738,23.531155664570296,37.44150583604701,29.592563652761566
"[7941,48408]_patch_2_6",0.9727520503382711,0.8213245161368432,0.9548183559757046,0.9162983074836063,0.4981619528274057,0.5906162364867347,0.9857569819562715,0.691511723756804,33.26027138506091,23.121002251360814,38.625215522356065,31.668829719592594
"[7941,48408]_patch_2_7",0.885154463254108,0.7936615523237216,0.9366630274194356,0.871826347665755,0.5628884578065261,0.5670528640895866,0.9843292413334637,0.7047568544098587,28.136631819099897,22.76070663001361,34.96159916413694,28.61964587108348
"[7941,48408]_patch_2_8",0.5869350698931898,0.8293809872325325,0.901771636537582,0.7726958978877682,0.339643190496761,0.4320486388436563,0.9803321929235049,0.5840080074213074,21.476849207431584,23.87736246234732,31.99976191893849,25.7846578629058
"[7941,48408]_patch_3_0",0.5786037005700769,0.8383904256307311,0.9190572035217386,0.7786837765741822,0.6715648065916263,0.5489163584162661,0.9832677507220455,0.7345829719099793,22.62750998074128,24.09078942591758,35.771938287198665,27.496745897952508
"[7941,48408]_patch_3_1",0.6835173503458624,0.8357876784166673,0.929354684584015,0.8162199044488482,0.6716673218087711,0.5629544866267316,0.98143135023516,0.7386843862235543,25.538673915313417,23.545098050865576,35.63060124117604,28.238124402451678
"[7941,48408]_patch_3_2",0.7177300401484135,0.8663321646105099,0.9305796251077904,0.8382139432889045,0.6886358745464299,0.4933679718913096,0.9813044387807643,0.7211027617395013,26.566415039750545,24.611335707344516,36.01076170753258,29.06283748487588
"[7941,48408]_patch_3_3",0.7471499848138669,0.8853901789913841,0.9243287378702382,0.8522896338918297,0.722238751535974,0.5348348137436262,0.9807768446788475,0.7459501366528158,24.62420957936585,25.47502093516146,35.95999734684877,28.68640928712536
"[7941,48408]_patch_3_4",0.7616877481850748,0.8633777676482176,0.9193087028333902,0.8481247395555608,0.7830938752199286,0.6458101760345566,0.9793214948831284,0.8027418487125378,24.39270413690556,24.69725085335486,34.65732922607794,27.91576140544612
"[7941,48408]_patch_3_5",0.8776292506413841,0.8296523403274438,0.9447002476964534,0.8839939462217604,0.833137008985116,0.5933547798576162,0.9845609383955675,0.8036842424127665,30.208044154408814,23.49712550698198,36.03003637796554,29.911735346452115
"[7941,48408]_patch_3_6",0.9675368000457222,0.7885171976994997,0.9570800358196249,0.9043780111882822,0.785918483239947,0.5476913796050557,0.9863824791240501,0.7733307806563509,32.1569149669419,22.260553495656822,38.22533421318796,30.880934225262227
"[7941,48408]_patch_3_7",0.9490995107180522,0.748872128784335,0.9437976954280949,0.8805897783101607,0.26940820783622743,0.5933865151630004,0.985073610720452,0.6159561112398934,33.008609468780946,21.660309898188792,35.93010338720884,30.19967425139286
"[7941,48408]_patch_3_8",0.8079693790020948,0.7223218879821443,0.9140538712228927,0.8147817127357105,0.3501509736289612,0.5559476962658669,0.9828757240513508,0.6296581313153929,24.49012030890264,21.081614739205747,32.84180678880049,26.137847278969627
"[7941,48408]_patch_4_0",0.5411752276763022,0.801583947141374,0.9196589549514302,0.7541393765897023,0.636961291844843,0.5711732555803307,0.9836071879748888,0.7305805784666876,22.248578277239087,22.76360058820368,34.65811852640138,26.556765797281383
"[7941,48408]_patch_4_1",0.5697059161015658,0.8672222159637096,0.9352472780234093,0.7907251366962283,0.5292740664193432,0.5609872882242009,0.9830809843888348,0.691114113010793,23.31979491869941,24.607701776607787,36.39976890971339,28.10908853500686
"[7941,48408]_patch_4_2",0.6007382148407951,0.9225749920065766,0.9371468513544009,0.8201533527339242,0.5331934019037676,0.5077735778766428,0.9824159524019709,0.6744609773941271,24.719501420399673,27.19971156580702,37.78576828052273,29.90166042224314
"[7941,48408]_patch_4_3",0.7375750310452124,0.8564156037226841,0.9313416795081051,0.8417774380920005,0.6813511547819321,0.512944911859326,0.9804918051915569,0.7249292906109384,26.674351315755423,24.494086649198884,36.04170136209295,29.070046442349085
"[7941,48408]_patch_4_4",0.7524707307533672,0.8187007076694774,0.919239165196359,0.830136867873068,0.79182845310488,0.5888937278232302,0.9786139852586967,0.7864453887289357,23.321811533303798,23.590217446418507,34.351945092781435,27.08799135750125
"[7941,48408]_patch_4_5",0.8293650196890299,0.7714269554293828,0.9301063936093155,0.8436327895759094,0.812047983698355,0.5426774005003414,0.9820953718068232,0.7789402520018398,25.905134055264973,22.33767029476228,34.96248089715534,27.735095082394196
"[7941,48408]_patch_4_6",0.9660942363188272,0.7339490644739425,0.9525860050289738,0.8842097686072479,0.855059641187002,0.5413753426607226,0.9852642906859463,0.7938997581778903,34.0558359599361,21.288597888900142,37.86847794420503,31.070970597680425
"[7941,48408]_patch_4_7",0.9895640595257265,0.7561816464201396,0.9483992603481793,0.8980483220980151,0.010726657879316405,0.6291793802195615,0.9847004093068326,0.5415354824685702,39.310089316032695,21.650289895596018,37.93999235145637,32.966790521028365
"[7941,48408]_patch_4_8",0.9503099881994795,0.7121558001039744,0.9371926717678075,0.8665528200237538,0.37623680569562046,0.5906642515383772,0.9849867702435278,0.6506292758258417,31.84008627018637,20.897706471915612,36.07944455918621,29.605745767096064
"[7941,48408]_patch_5_0",0.5878837485102817,0.8142856703417825,0.9271580798347677,0.7764424995622773,0.6376578318206502,0.566091361268659,0.9843424218690943,0.7293638716528011,22.648372539277556,23.77728913785287,34.81532346556398,27.080328380898134
"[7941,48408]_patch_5_1",0.6403244387490371,0.85722758585222,0.9351086685829176,0.8108868977280582,0.5916944845714445,0.5946752137362843,0.9827768045859403,0.7230488342978897,23.95390120362503,24.293333289507643,35.60827359253333,27.951836028555334
"[7941,48408]_patch_5_2",0.6446775459695713,0.8853406883982855,0.9306775088356504,0.820231914401169,0.5890797302297034,0.6462901116063081,0.9816004552012894,0.7389900990124336,24.939576792358263,25.714319119770952,35.62638319397613,28.760093035368453
"[7941,48408]_patch_5_3",0.7503636452964833,0.8567486162073159,0.9235531056498668,0.8435551223845553,0.7593748970144112,0.5672247137551745,0.981072826088729,0.7692241456194382,26.294092158639636,24.692787618502962,35.353201725104626,28.78002716741574
"[7941,48408]_patch_5_4",0.7996066474243116,0.827412387018566,0.9274101520227822,0.8514763954885533,0.8005948941958737,0.6210311966559356,0.9800874519762153,0.8005711809426749,26.911883416385855,23.632670486245715,35.3756668094434,28.64007357069166
"[7941,48408]_patch_5_5",0.8867601214617605,0.7460345516620334,0.9387455707865102,0.8571800813034347,0.8633891524649473,0.6070538680732108,0.9843246623096678,0.8182558942826086,30.846378691941716,21.59327891882514,35.53375768623515,29.324471765667337
"[7941,48408]_patch_5_6",0.9345271555046886,0.7133576588088509,0.9472271488311729,0.8650373210482375,0.7998468610306965,0.5508622065909953,0.9851788558030309,0.7786293078082408,31.548466589423107,20.796528415507648,36.55162829079512,29.632207765241958
"[7941,48408]_patch_5_7",0.9164988663884294,0.8169451144975134,0.9406663369370839,0.891370105941009,0.8759160367063716,0.6017225399005599,0.9816191460112486,0.81975257420606,31.37330456680222,23.434207208023075,37.01895236960261,30.608821381475966
"[7941,48408]_patch_5_8",0.8685358555829711,0.838584840982385,0.9296954270086687,0.8789387078580083,0.8518895122256618,0.6378275205158802,0.9821228802745039,0.8239466376720154,28.020121834550444,24.07244908715167,35.6232907009483,29.238620540883474
"[7941,48408]_patch_6_0",0.5975016801310201,0.8654914161308214,0.9261831061251911,0.7963920674623441,0.6961642822743116,0.4889724793539002,0.9834137090978804,0.7228501569086974,23.410841884334772,25.866317974179218,35.473597279543576,28.25025237935252
"[7941,48408]_patch_6_1",0.7023064722331389,0.8508704651977835,0.9283609753093358,0.8271793042467527,0.7216173780657456,0.5953352436276643,0.9804068108263592,0.7657864775065897,24.87223363163946,24.649465506912694,35.230870415790264,28.250856518114137
"[7941,48408]_patch_6_2",0.6852046462321861,0.8560069040769728,0.9230494734880281,0.8214203412657289,0.7038240378067476,0.6177524570566745,0.9799193608834913,0.7671652852489711,24.71875850442732,25.00816664283385,34.86489567707146,28.197273608110876
"[7941,48408]_patch_6_3",0.6851277120898788,0.8982020882651601,0.9288682437968624,0.8373993480506338,0.6775001949885922,0.5579920507100005,0.9820759543601495,0.7391894000195807,25.45274775408017,25.93501841988484,35.96341265633431,29.117059610099773
"[7941,48408]_patch_6_4",0.8189560673342107,0.8521623656060142,0.9341002610932404,0.8684062313444884,0.8191820176556215,0.5972637112552163,0.9800393787078665,0.7988283692062348,28.1656916969199,23.95674579628246,36.341649024165335,29.488028839122563
"[7941,48408]_patch_6_5",0.8967662143981074,0.7004529859860174,0.9446490128143947,0.8472894043995064,0.8521229088655276,0.602163053131013,0.9855428534615854,0.8132762718193755,30.23671791558979,20.499395344005798,35.47663710986291,28.737583456486163
"[7941,48408]_patch_6_6",0.9000042969388903,0.717647869817154,0.940771291827397,0.8528078195278138,0.8804951111002189,0.5851432653836612,0.9853921380097191,0.8170101714978665,29.595246070578728,20.6721204612143,35.348620299885624,28.53866227722622
"[7941,48408]_patch_6_7",0.8231467955338729,0.8766146899627353,0.9158462828431795,0.8718692561132627,0.8637418407302967,0.646747081894917,0.9788414811718047,0.8297768012656728,28.0410553005851,26.09571893413782,34.51507129863159,29.550615177784834
"[7941,48408]_patch_6_8",0.7407409774242525,0.87890668946073,0.8848394618832629,0.8348290429227484,0.7988255636118321,0.7328859583603322,0.9759815203598888,0.835897680777351,23.934049563429113,25.27094538049642,32.33626485881464,27.180419934246725
"[8047,49901]_patch_0_0",0.40774445276627747,0.8531678406518018,0.9318473425541838,0.730919878657421,0.4293547487535841,0.5472974192894113,0.9860270301707035,0.6542263994045663,18.47159726054206,25.244096128738448,36.60461012266841,26.773434503982973
"[8047,49901]_patch_0_1",0.3985259060885499,0.9385890330983259,0.933517691434017,0.7568775435402976,0.6043492850369784,0.6236321497636268,0.9785982831223955,0.7355265726410002,18.737901343612677,30.11338328658088,37.16422372207513,28.671836117422895
"[8047,49901]_patch_0_2",0.3595957047917959,0.9308435523745967,0.9255487357502525,0.7386626643055484,0.41614859636611623,0.5181991288516792,0.9764224407260981,0.6369233886479645,18.69010305561449,28.760146509397913,35.6834509926719,27.711233519228102
"[8047,49901]_patch_0_3",0.5588429731650851,0.8404592515905498,0.9216574643414175,0.7736532296990175,0.6025586064282001,0.6073760182457228,0.9797110895683679,0.7298819047474302,21.155659560145107,23.84072553142969,34.705000207602765,26.567128433059185
"[8047,49901]_patch_0_4",0.7002369273341784,0.7922187275992979,0.9195718433829454,0.804009166105474,0.767591657084442,0.632243224827705,0.9791749824399697,0.7930032881173723,23.734553605437327,22.439192399828723,33.86401835842484,26.679254787896966
"[8047,49901]_patch_0_5",0.7170479376684628,0.8541100551957684,0.8853505021471261,0.8188361650037858,0.7864428764357743,0.6779788487473709,0.9753269746473999,0.8132495666101818,25.309334360069904,24.433797285979114,30.977196237296827,26.906775961115283
"[8047,49901]_patch_0_6",0.7644154783851398,0.8820345181500293,0.8565905675726028,0.8343468547025906,0.7668895568661224,0.6852703543200751,0.9745700128426139,0.8089099746762706,26.865066127651236,25.336594649825315,29.69082271695919,27.297494498145245
"[8047,49901]_patch_0_7",0.78911740353367,0.8723052191544831,0.8716227394742785,0.8443484540541438,0.766739864493709,0.682198202877686,0.9755873284472868,0.8081751319395606,27.810908832193437,25.704459302752905,30.771186488481966,28.095518207809437
"[8047,49901]_patch_0_8",0.7650905228168342,0.8953979509439154,0.8491150220139574,0.8365344985915689,0.775476050506367,0.7940813966209888,0.9721148798041097,0.847224108977155,26.971485298216553,27.621758254550464,29.28429951209848,27.959181021621834
"[8047,49901]_patch_1_0",0.5892707719508007,0.9146204705257718,0.9357515951766744,0.8132142792177489,0.5870833896306061,0.4793347522978946,0.9862169548901716,0.6842116989395574,18.360813244826094,28.340385063388595,38.5220561583076,28.407751488840763
"[8047,49901]_patch_1_1",0.3474049313044571,0.8638871612278862,0.9300800322844451,0.7137907082722629,0.5716192827551703,0.5225462033964801,0.9858103610313873,0.6933252823943459,16.30999222152622,27.035877057837933,35.271042884827324,26.205637388063824
"[8047,49901]_patch_1_2",0.41645055907945405,0.8552912395521122,0.9256048294359205,0.7324488760224955,0.48127524208526307,0.5626328512807438,0.983609232169088,0.6758391085116983,18.125153309950875,25.552381603002242,34.40694145409214,26.028158789015084
"[8047,49901]_patch_1_3",0.4716573278953392,0.8563958931907072,0.9194291177929448,0.7491607796263304,0.5247463793215731,0.5241233089803261,0.98077737468428,0.676549020995393,19.341066567953778,25.315551710082083,34.1424625650555,26.266360281030455
"[8047,49901]_patch_1_4",0.49593445552161086,0.7944024497974836,0.926034008380595,0.7387903045665632,0.6222554079129475,0.6701022745593099,0.9809432985787224,0.75776699368366,20.643489443607542,23.143082743417118,34.56360761269119,26.11672659990528
"[8047,49901]_patch_1_5",0.6033382582323931,0.8202635509790323,0.8975459696236325,0.7737159262783525,0.6880277889872467,0.7203037534499971,0.9771173580938399,0.7951496335103613,23.30439949799914,23.92568939779425,31.708381975079675,26.312823623624354
"[8047,49901]_patch_1_6",0.714966405148087,0.8856217372639528,0.8641543061124686,0.8215808161748361,0.6843562676738234,0.6576067470648482,0.9755590137007378,0.7725073428131365,25.596314187537118,26.40744790962765,30.0554891459317,27.353083747698822
"[8047,49901]_patch_1_7",0.7720380084523929,0.8840583583356161,0.8749370324164458,0.8436777997348184,0.7357645354218191,0.6255075444817355,0.9720052829537539,0.7777591209524362,27.531716398605028,26.553890062298,31.24486321356947,28.44348989149083
"[8047,49901]_patch_1_8",0.7512801964396609,0.9005036836749956,0.8465458388128428,0.8327765729758331,0.7370841714543637,0.7051873324148803,0.968530638349466,0.8036007140729033,26.79709384397194,28.233781969343745,29.43777296873195,28.156216260682545
"[8047,49901]_patch_2_0",0.8232774204118625,0.9341535124042435,0.9370257304383638,0.8981522210848233,0.7754358625595037,0.4105544066318349,0.9859794577980036,0.7239899089964474,21.086906376240258,30.040707884188276,39.66665348252875,30.264755914319096
"[8047,49901]_patch_2_1",0.5372540146749729,0.8551770961153135,0.9163298702581121,0.7695869936827995,0.7487064583482294,0.46593356965264315,0.985279289449423,0.7333064391500984,16.650159604854743,27.0506533354669,34.285081448940645,25.995298129754094
"[8047,49901]_patch_2_2",0.4858274396616417,0.7573056011044463,0.9196633018280634,0.7209321141980505,0.6725021249663276,0.5161763151401588,0.9830054763539877,0.723894638820158,17.42707815765206,22.79513932457766,33.78181934730576,24.66801227651183
"[8047,49901]_patch_2_3",0.4986621391087013,0.7514805897150194,0.9245500099137346,0.7248975795791518,0.637442673474011,0.6006146928924488,0.9822091239061315,0.7400888300908637,19.10084847226354,22.09506515801994,34.34197407327696,25.179295901186816
"[8047,49901]_patch_2_4",0.447633356296682,0.7642142495882067,0.9198564158098923,0.7105680072315937,0.7018880970456206,0.685530033452656,0.9817349439175316,0.789717691471936,19.28964785116212,22.314232620521555,33.710872170075625,25.1049175472531
"[8047,49901]_patch_2_5",0.6322021582111943,0.7941532389719872,0.8867136241580279,0.7710230071137364,0.7007586518758668,0.6481893428067454,0.9767175552047662,0.7752218499624594,23.3149864635058,22.962452702271015,31.153033279185056,25.810157481653956
"[8047,49901]_patch_2_6",0.7082950119327868,0.8654447400193482,0.8775771953506132,0.817105649100916,0.6498551474945201,0.639001838390687,0.9734295007628738,0.7540954955493603,24.647997621237675,27.396367464344813,31.055372775649325,27.6999126204106
"[8047,49901]_patch_2_7",0.7044962964043077,0.8615397019827518,0.8870601836250722,0.8176987273373774,0.5752986081164542,0.5930449599431299,0.9764779592098372,0.7149405090898071,25.45706159047811,27.19453787337557,31.496181380239598,28.049260281364425
"[8047,49901]_patch_2_8",0.7305281002221504,0.903904176466813,0.8609958885103718,0.8318093883997784,0.5967874471251775,0.5815974222595516,0.9733337090586504,0.7172395261477931,26.05959856487676,28.87589331266273,29.67162577831937,28.20237255195295
"[8047,49901]_patch_3_0",0.9662397746916257,0.9847032343372896,0.9450110940142571,0.9653180343477241,0.8700380449606948,0.13236842099229043,0.9769560664416383,0.6597875107982079,27.99872225523678,36.52501665599132,44.462071566907596,36.3286034927119
"[8047,49901]_patch_3_1",0.8092710290552131,0.9544437774235476,0.9333690028097912,0.8990279364295173,0.8422050649588817,0.2822977247598487,0.9846346780869959,0.7030458226019087,19.77470972941032,32.579686349391544,38.829173367051595,30.39452314861782
"[8047,49901]_patch_3_2",0.6680421942601155,0.8239157614441288,0.9173026253807157,0.8030868603616534,0.7876000639219667,0.5158303424124354,0.9852442100027653,0.7628915387790558,18.15863851642606,23.616740383831644,34.23802717026718,25.3378020235083
"[8047,49901]_patch_3_3",0.5665154238799519,0.7053521084128311,0.9162189671668693,0.7293621664865508,0.6924468644667428,0.5800785389126065,0.9850456744118913,0.7525236925970802,18.38041959659822,20.74347420059754,33.63680807841368,24.253567291869814
"[8047,49901]_patch_3_4",0.48576024565072795,0.7122833865811194,0.9138313056751382,0.7039583126356619,0.5824767769621146,0.598548090374332,0.9829056534121619,0.7213101735828694,18.53739154385044,21.090082792509513,33.81067225742494,24.4793821979283
"[8047,49901]_patch_3_5",0.5553461927453012,0.7370054851764928,0.9049473471888494,0.7324330083702145,0.5583753589926169,0.5769424093824448,0.977675629163236,0.7043311325127659,20.606579263073215,23.214044616046692,33.06892405850099,25.6298493125403
"[8047,49901]_patch_3_6",0.6273462574699009,0.8011711334606718,0.8985332928421501,0.7756835612575742,0.5170054923318125,0.5665777823719632,0.9762147279997604,0.6865993342345119,22.449234237943195,25.499618436629525,32.51503372851028,26.82129546769433
"[8047,49901]_patch_3_7",0.6029817223374067,0.8347700975272769,0.9009973526650171,0.7795830575099002,0.5619567695984392,0.6229473028911826,0.9795682391712712,0.721490770553631,24.715364850846775,26.57143611105615,32.01091073659379,27.76590389949891
"[8047,49901]_patch_3_8",0.6235626452508155,0.8622397847271738,0.8902514686906199,0.7920179662228697,0.5085048937084734,0.6915072416789783,0.9761679019252177,0.7253933457708898,23.327699634870026,27.80666510768304,30.894326478223967,27.342897073592344
"[8047,49901]_patch_4_0",0.9998790523516484,0.9999989938432369,0.9487588871487668,0.9828789777812174,-0.0003646479526783621,0.4435593582748928,0.4239055330638348,0.2890334144620164,70.71151751700535,74.42745167044154,48.13169831989988,64.42355583578227
"[8047,49901]_patch_4_1",0.9857086603408739,0.9937690899568798,0.9469875521317327,0.9754884341431622,0.9345003669069324,0.006502096565513133,0.9776841956758036,0.639562219716083,31.253564424524455,39.876137214164665,45.781569158053095,38.97042359891407
"[8047,49901]_patch_4_2",0.9205979167174415,0.9589990535885853,0.939247587662479,0.9396148526561686,0.8927844976982985,0.6199280655268993,0.9807817202508178,0.8311647611586718,24.875489638186696,31.07078303394415,41.22154457890585,32.38927241701223
"[8047,49901]_patch_4_3",0.8215392313947127,0.8721895069626311,0.9348210447526937,0.8761832610366792,0.7277586864834469,0.5819416106883966,0.9845440019635028,0.764748099711782,21.22756527337056,24.075778974562358,38.48255057589155,27.928631607941487
"[8047,49901]_patch_4_4",0.7196703178406126,0.8331365215746596,0.9341844012728506,0.8289970802293744,0.6487098037637735,0.5119235242178772,0.9838476576767222,0.7148269952194576,21.51630572451665,23.70003268284534,38.09680729974221,27.771048569034733
"[8047,49901]_patch_4_5",0.5541262061124012,0.8076527051006349,0.925212398047149,0.7623304364200617,0.5216117781311632,0.5504798480393941,0.9816752698106802,0.6845889653270792,20.59383591722898,25.68338338049753,35.81410511235659,27.363774803361036
"[8047,49901]_patch_4_6",0.5416107120295344,0.8028854529892727,0.9067985287459239,0.7504315645882436,0.44314797387254906,0.5690522265797366,0.9781748044154934,0.6634583349559263,21.261960662090278,25.219697684376186,33.69681336202245,26.726157236162972
"[8047,49901]_patch_4_7",0.4717945734126515,0.8263545928974072,0.9086821490657387,0.7356104384585991,0.3412314060470218,0.6120161018566973,0.9783923843266111,0.6438799640767767,21.510696886357167,25.5077513066716,33.4602360104166,26.826228067815123
"[8047,49901]_patch_4_8",0.2781385024945672,0.8098312368376468,0.9267153657577017,0.6715617016966385,0.16125799235758578,0.5889165766487846,0.9822510252774215,0.5774751980945972,21.633051504759848,25.308399739558034,34.309668415870156,27.083706553396013
"[8047,49901]_patch_5_0",0.9996232013100614,0.9999989938432369,0.9487567768963252,0.9827929906832079,-0.0008227644149502037,0.4435593582748928,0.24393782378722217,0.22889147254905493,66.24165259604904,74.42745167044154,48.14040652203265,62.93650359617442
"[8047,49901]_patch_5_1",0.9990052079886833,0.9994039802739082,0.9487635741453485,0.9823909208026467,0.024587772269318388,0.012252462225517714,0.24237496216736848,0.09307173222073485,56.16839034678493,55.46954418793711,48.14050614533006,53.259480226684026
"[8047,49901]_patch_5_2",0.9983371989047893,0.9994199950943599,0.9487184399558205,0.9821585446516566,0.00856614530962446,0.1902196636504462,0.25700857495088225,0.15193146130365098,47.04538428355249,55.65177187079413,48.13426749681541,50.27714121705401
"[8047,49901]_patch_5_3",0.9981008700159526,0.9995477635609341,0.9486943235194873,0.9821143190321248,0.29772926466311156,0.1191735103568455,0.8540009943733424,0.42363458979776647,50.30835426134555,59.27496130086663,48.01512962902854,52.53281506374691
"[8047,49901]_patch_5_4",0.9453234271558877,0.9921014685378405,0.948039247000845,0.9618213808981911,0.7122129971824779,0.528534843154929,0.9296748584441262,0.7234742329271778,31.382695965988052,43.293208880795476,47.51673742633042,40.73088075770465
"[8047,49901]_patch_5_5",0.8220760195230316,0.9613958159152177,0.9438684414128099,0.9091134256170198,0.559867848974722,0.6317831588668369,0.9806401992044087,0.7240970690153224,25.38067710880162,34.31854677526627,42.70460793495059,34.13461060633949
"[8047,49901]_patch_5_6",0.6327999714551548,0.8330204878019389,0.923822606090759,0.7965476884492841,0.5419809007898893,0.5300590600090451,0.9814813649829228,0.6845071085939525,21.652300940847322,24.510551838297133,36.48688857988581,27.54991378634342
"[8047,49901]_patch_5_7",0.4730313050455442,0.7651213394322433,0.920150600848587,0.7194344151087915,0.4145723414488288,0.5660679922583689,0.9804590713222338,0.6536998016764771,20.70013678859275,23.55437989993034,35.083792660496485,26.446103116339856
"[8047,49901]_patch_5_8",0.3430911507588175,0.7582619035569652,0.9328290929495958,0.6780607157551262,0.3282962827654621,0.5529527529024786,0.9827549071365108,0.6213346476014838,21.42146053357167,24.17132146577311,35.586400408357555,27.059727469234115
"[8047,49901]_patch_6_0",0.9996254819786287,0.9999989938432369,0.9487576115956601,0.9827940291391752,-0.0008118341883125594,0.4435593582748928,0.24249702453269564,0.22841484953975863,66.24379778987829,74.42745167044154,48.14095447845075,62.93740131292352
"[8047,49901]_patch_6_1",0.9993279206242184,0.9994033651590655,0.9487627135277298,0.9824979997703379,0.04621094990292796,-6.062171876010514e-05,0.2473894860805262,0.09784660475489802,61.63917238779506,55.45780055606297,48.14010766585133,55.07902686990312
"[8047,49901]_patch_6_2",0.9987111028287347,0.9994059592222213,0.9487842626218539,0.9823004415576033,0.01703641327649243,0.017309163493012668,0.0013180514252104875,0.011887876064905196,52.99121151214933,55.47403487680691,48.13730274089913,52.2008497099518
"[8047,49901]_patch_6_3",0.9999411342780045,0.9997502218543075,0.9487963096928695,0.9828292219417273,-0.00036578240210085304,-3.0374977194705705e-05,0.0013777632656696859,0.000327201962124709,70.9426617144884,63.889486490587835,48.13866348415438,60.990270563076876
"[8047,49901]_patch_6_4",0.9998272060168524,0.9997502218543075,0.9487575038288782,0.9827783105666793,-0.0008546364403058991,-3.0374977194705705e-05,0.24249367472820224,0.08053622110356722,69.70595448827174,63.889486490587835,48.140821634182444,60.57875420434734
"[8047,49901]_patch_6_5",0.9913280918718096,0.9992480593884944,0.9480927839083058,0.9795563117228699,0.8524623146212701,-0.00025871393986686596,0.9065468999002076,0.586250166860537,37.48556022939028,62.954082384993235,47.909945286856185,49.44986263374657
"[8047,49901]_patch_6_6",0.8620200642964434,0.9184794314132598,0.9390683384609262,0.9065226113902098,0.6858577549051038,0.5589075416097385,0.9841991217180076,0.74298813941095,25.01551877831982,26.713541437998273,40.63851162356319,30.78919061329376
"[8047,49901]_patch_6_7",0.6424610458340979,0.8079412380645198,0.9288278153481295,0.7930766997489158,0.6204384229084653,0.5486140110237828,0.9840535379671054,0.7177019906331178,22.311815543792974,24.519660818437828,36.630719657661466,27.82073200663076
"[8047,49901]_patch_6_8",0.401899199375001,0.742083282148464,0.9359778900610498,0.693320123861505,0.3502372025849402,0.5681478162404474,0.9837385403485092,0.6340411863912989,20.870579523146446,24.13233743162997,36.27953122152567,27.0941493921007
"[8187,46863]_patch_0_0",0.9996505503028411,0.9993460671807679,0.9487946989705119,0.982597105484707,0.07930422837006397,0.09621716077049791,0.5870562854425669,0.25419255819437625,66.32283149827083,54.775396406294064,48.138314960511046,56.41218095502531
"[8187,46863]_patch_0_1",0.9996875408803818,0.9999262430789636,0.9487577518235218,0.9827905119276225,0.07148135677483641,0.0006830070568630995,0.24161303782498414,0.10459246721889455,65.42311423695952,66.44358433127037,48.14088805580866,60.00252887467951
"[8187,46863]_patch_0_2",0.9476792007535472,0.9748556030131635,0.9434684455266272,0.9553344164311127,0.864991083597055,0.4863439948487923,0.9714836031426047,0.7742728938628174,28.817960440146354,34.22196062263641,44.31250366536308,35.78414157604862
"[8187,46863]_patch_0_3",0.8212328099631528,0.9004714475102829,0.9326927655138765,0.8847990076624375,0.8147050598656352,0.6462663723498012,0.9817396438909507,0.8142370253687957,23.95360024491612,26.79906860236839,39.60689791806974,30.11985558845142
"[8187,46863]_patch_0_4",0.7915194775354727,0.8780582638463612,0.9266067203294813,0.8653948205704385,0.8283263595441657,0.6955873463713544,0.9837396626775744,0.8358844561976982,24.07561121804685,26.502603300595528,37.78479978829224,29.45433810231154
"[8187,46863]_patch_0_5",0.7637404929834712,0.9033517661443111,0.9187755835487825,0.861955947558855,0.8074322231310523,0.5795791313250332,0.9834599648725059,0.7901571064428637,23.787725389450184,28.87622885642031,37.78713953300583,30.150364592958777
"[8187,46863]_patch_0_6",0.675077601075327,0.9169543829288669,0.9178898349432929,0.836640606315829,0.7068583571936728,0.39281437273530617,0.9834479969009787,0.6943735756099859,23.432076359221178,29.634008922743465,37.318271133682,30.12811880521555
"[8187,46863]_patch_0_7",0.7567094934985723,0.842315804074503,0.9266706063977406,0.8418986346569386,0.770705863609365,0.6184307598702252,0.9824340434431388,0.7905235556409097,23.389299918300214,24.829096255633154,37.119407092841726,28.445934422258365
"[8187,46863]_patch_0_8",0.8526413977383046,0.8221365543152754,0.9401513148724776,0.8716430889753526,0.8320502341978462,0.5994388395351141,0.9838072498640746,0.805098774532345,26.47604568088972,23.354361573292238,37.98648908618701,29.27229878012299
"[8187,46863]_patch_1_0",0.9997916697831165,0.9992462003605533,0.9488071594322475,0.9826150098586391,0.11648821447627791,0.0147319717592782,0.5809207764790612,0.2373803209048724,69.65859366101961,54.698728117368205,48.13974242511158,57.499021401166466
"[8187,46863]_patch_1_1",0.9798703544456041,0.9780061272539093,0.9439659994758622,0.9672808270584584,0.9387086585544681,0.10103210661618788,0.9689582172404794,0.6695663274703785,29.296082207992427,37.42653097176526,45.157881851898864,37.29349834388552
"[8187,46863]_patch_1_2",0.8522418567484523,0.9147759539022953,0.930190215845588,0.8990693421654452,0.868972266066455,0.3830513472197183,0.9811964361421586,0.7444066831427772,24.143754707930334,26.808041217370633,39.78947315143407,30.247089692245016
"[8187,46863]_patch_1_3",0.7376577123513587,0.7840791756845302,0.9195142451472874,0.8137503777277254,0.7555757102303601,0.5711437591956966,0.9814874675957866,0.7694023123406145,22.498194689541698,22.284721586949257,36.460953727133386,27.081290001208114
"[8187,46863]_patch_1_4",0.770320515320909,0.7800629618321472,0.9273253351985432,0.8259029374505332,0.7764719602139911,0.6685567530883304,0.9812659527438992,0.8087648886820734,23.681035743040724,22.956428379739002,36.92033748775417,27.85260053684463
"[8187,46863]_patch_1_5",0.7697162138269239,0.8534457071545442,0.9242296631372257,0.8491305280395646,0.7949517196305196,0.600218630574303,0.9819191155776863,0.7923631552608364,22.88713639409174,25.89197294591394,36.73963329275429,28.506247544253323
"[8187,46863]_patch_1_6",0.7093828592219645,0.9058233072562898,0.9352936382076146,0.8501666015619563,0.6768961831020363,0.47115914409311643,0.9836972094833955,0.7105841788928493,23.705572326347664,27.05464818101161,37.53124203467986,29.43048751401305
"[8187,46863]_patch_1_7",0.7398624228815919,0.8723620313311484,0.9348391555835124,0.8490212032654175,0.7139169495043277,0.5821803397520818,0.9828753064819242,0.759657531912778,23.854491746681102,25.06939290761612,37.67308424106303,28.865656298453416
"[8187,46863]_patch_1_8",0.8338085077655132,0.8629446064591798,0.9377269106864298,0.8781600083037077,0.8358350368372702,0.7063219717526807,0.983026211810859,0.8417277401336033,25.473366637704167,25.606487252860333,38.13237610350144,29.737409998021985
"[8187,46863]_patch_2_0",0.9684517501892936,0.976939217569268,0.9451960807831609,0.9635290161805742,0.8945469083610014,0.3431257634282764,0.9774616811863718,0.7383781176585499,29.88668481172352,34.80920624528463,45.60857852420328,36.768156527070474
"[8187,46863]_patch_2_1",0.8273544322503033,0.9064307864053478,0.932887430182647,0.8888908829460993,0.8505639062146826,0.6934321740723943,0.9850773641650854,0.8430244814840542,23.909440429145334,28.37989335508712,39.540591988030656,30.609975257421038
"[8187,46863]_patch_2_2",0.727487289140657,0.8418954479484564,0.9148009045925778,0.8280612138938971,0.8033467519349252,0.5840510744641302,0.9827894492749837,0.7900624252246797,22.316185847314674,24.4686747437088,36.20821550805215,27.664358699691874
"[8187,46863]_patch_2_3",0.7344760876608587,0.7748909915050746,0.9196393574651057,0.8096688122103464,0.7335072756105362,0.5305952437876141,0.982437753071511,0.7488467574898872,22.077561171406614,22.03987159038107,36.10050405270593,26.73931227149787
"[8187,46863]_patch_2_4",0.8443171240555872,0.7789098297284989,0.9489257629588509,0.8573842389143124,0.7810655222276838,0.6022793874615523,0.9838955273241385,0.7890801456711248,25.579058147137058,22.34418818781734,39.405175081271786,29.109473805408726
"[8187,46863]_patch_2_5",0.8468241768454605,0.8599458752157673,0.9525393269027096,0.8864364596546458,0.7756915325518919,0.5943404121056093,0.984049969261256,0.7846939713062523,26.02237863653942,24.995260723233773,39.51320150333248,30.17694695436856
"[8187,46863]_patch_2_6",0.7256862253105191,0.8993004655333425,0.9431304922082013,0.8560390610173543,0.7061320399399185,0.5788351990214604,0.9830239822876997,0.7559970737496928,23.36454847796289,26.50866414116536,37.965783832000255,29.279665483709504
"[8187,46863]_patch_2_7",0.7402335451351629,0.881880241636547,0.9507333960953992,0.8576157276223698,0.7309367387574097,0.5245309508556392,0.9843187115457173,0.7465954670529221,22.5659787832298,24.413009256009342,39.6353257281489,28.87143792246268
"[8187,46863]_patch_2_8",0.8724361236529692,0.8843731586229645,0.9566303391557858,0.9044798738105732,0.7848871762844002,0.5823224674675174,0.9839226732468239,0.7837107723329138,24.64697290698802,25.25324995448623,40.60789662304745,30.169373161507234
"[8187,46863]_patch_3_0",0.8948562885372667,0.9419541228952486,0.936107836881857,0.9243060827714574,0.901063275240998,0.5540572308692338,0.9816064026439902,0.8122423029180741,25.709029358726482,31.49687684224558,42.569170453673976,33.258358884882014
"[8187,46863]_patch_3_1",0.6975967780578544,0.8659392278141199,0.924338198967449,0.8292914016131411,0.8076774775184621,0.650560513977133,0.9842935806418119,0.814177190712469,23.266893527721702,26.55463299222117,37.14034750706607,28.987291342336317
"[8187,46863]_patch_3_2",0.6404969697035113,0.8551205942670647,0.924532603596167,0.8067167225222477,0.7251073792358842,0.6641590556016773,0.9833502286670256,0.7908722211681957,22.698582946164567,25.925316041642013,36.254457943461716,28.2927856437561
"[8187,46863]_patch_3_3",0.6588374455716786,0.8642958886521193,0.9366785092306955,0.8199372811514977,0.6736406972374204,0.615502534758797,0.9839446076991846,0.757695946565134,22.72990887704762,25.164823642730724,37.98757415144402,28.627435557074122
"[8187,46863]_patch_3_4",0.7213123032416449,0.8540339680876896,0.9511104754974422,0.8421522489422589,0.7363781545207999,0.616474892670918,0.9839053351676458,0.7789194607864546,23.507837878231644,24.590248514424346,40.12778726237319,29.408624551676393
"[8187,46863]_patch_3_5",0.8025439440164727,0.855361029793624,0.9534158212358905,0.8704402650153291,0.7603846920553072,0.6187347718554844,0.9841334164147911,0.7877509601085276,24.68218010734607,24.550180391880314,39.78095706663979,29.671105855288726
"[8187,46863]_patch_3_6",0.8079667748165217,0.8815054949009701,0.952110852365737,0.8805277073610762,0.7124287731111176,0.6135419138354622,0.9833693432741764,0.7697800100735854,23.90853640778665,24.998672339156506,39.67304076276774,29.5267498365703
"[8187,46863]_patch_3_7",0.8471152932095205,0.9145215760215168,0.955903417120172,0.9058467621170698,0.7096801955611571,0.5685303291331664,0.9811882699240508,0.7531329315394583,23.898278851802118,26.78639000941448,40.875725286991965,30.520131382736185
"[8187,46863]_patch_3_8",0.9213184309014214,0.9449474080216805,0.95644090897263,0.9409022492985774,0.4952398332727947,0.6091272945506888,0.9789084790452073,0.6944252022895636,27.162397758485305,27.585097135237852,41.85370624727546,32.20040038033287
"[8187,46863]_patch_4_0",0.7144635315092441,0.7633622740026843,0.9286079758702975,0.8021445937940753,0.7287551943432887,0.5833114236713209,0.9842692993630774,0.7654453057925624,23.912081625305554,20.432460115149,37.31232984111921,27.21895719385792
"[8187,46863]_patch_4_1",0.653798112780471,0.8162008867519018,0.926337883416829,0.7987789609830672,0.7264022849603441,0.5595344381436045,0.9839758720361259,0.7566375317133582,22.867922223702145,22.9769958496994,37.00256852369638,27.61582886569931
"[8187,46863]_patch_4_2",0.6322519421277915,0.8987672705005767,0.9354332951005379,0.8221508359096353,0.6654440814945108,0.5598378198795118,0.9843688065401678,0.7365502359713968,22.778697070183593,28.010946788690433,37.8137471663277,29.534463675067244
"[8187,46863]_patch_4_3",0.5755524616839022,0.9233077565894582,0.9452935752863028,0.8147179311865544,0.6331151064822216,0.5322012146629758,0.9843749970161357,0.7165637727204444,21.9959905552817,28.213065328749863,39.12409047415086,29.777715452727477
"[8187,46863]_patch_4_4",0.6043655352679266,0.9162090728281683,0.9469113362222961,0.822495314772797,0.7132194652249544,0.6004544580151576,0.9839770851183393,0.7658836694528172,21.91363308507649,27.96760084060097,39.91853719051551,29.93325703873099
"[8187,46863]_patch_4_5",0.7410400881414309,0.8628648870364882,0.9487020585882414,0.8508690112553868,0.8366758542371848,0.580517917931581,0.9852465515218576,0.8008134412302078,22.346657510961634,24.758028492450954,39.614915908325415,28.906533970579336
"[8187,46863]_patch_4_6",0.8873952552413891,0.886328936007889,0.9586910135399437,0.9108050682630738,0.7737514369043419,0.5426655508025858,0.9852332088630898,0.7672167321900059,22.73599114555077,24.69766836849285,41.26052877134689,29.564729428463504
"[8187,46863]_patch_4_7",0.9470273147018932,0.954305221155444,0.9532383718437699,0.951523635900369,0.2561993503978165,0.6725208363658309,0.9698429643149951,0.6328543836928808,35.994495778025,31.77749609814417,40.18328630300272,35.985092726390626
"[8187,46863]_patch_4_8",0.8578612022394057,0.9681058151204551,0.952573556016784,0.9261801911255483,0.14508449359776215,0.5770767063218576,0.968498605883387,0.5635532686010022,36.87547771463313,30.84214046979383,42.73513389701321,36.81758402714672
"[8187,46863]_patch_5_0",0.6099222332338422,0.6622743103251054,0.9283100388569526,0.7335021941386334,0.6598581980067745,0.5942276767510322,0.983064589563807,0.745716821440538,23.285587321897765,19.245659222761425,37.126156043321345,26.552467529326844
"[8187,46863]_patch_5_1",0.6980445635652271,0.7347040932325644,0.9451446753927952,0.7926311107301954,0.6416227679882138,0.5863646363606245,0.9857668569207,0.7379180870898461,25.00903584112737,21.0080830421426,39.13988742581758,28.38566876969585
"[8187,46863]_patch_5_2",0.7729430412982334,0.8653335041039448,0.9480042605657726,0.862093601989317,0.748084354394281,0.5517754273434915,0.9836518463338759,0.7611705426905494,24.76599624821563,25.93604275238309,39.71714769730167,30.139728899300128
"[8187,46863]_patch_5_3",0.7239308808024913,0.9236483910973167,0.9498054497645726,0.8657949072214602,0.7536738647172586,0.5201225434036318,0.9842420537769129,0.7526794872992677,23.197551907836058,27.599571154368043,39.851187476495895,30.216103512900002
"[8187,46863]_patch_5_4",0.682289917202364,0.9109073968340347,0.9493381980449542,0.847511837360451,0.7837031491776311,0.5936522766539983,0.985349067079184,0.7875681643036044,21.051819991976256,26.803202887367952,39.557611642755674,29.13754484069996
"[8187,46863]_patch_5_5",0.740655498108088,0.8889690315039787,0.95502670358163,0.8615504110645654,0.7859901960084177,0.5688923898169983,0.986548563553621,0.7804770497930124,19.52169684530525,25.355472128933073,40.38767760511165,28.421615526449994
"[8187,46863]_patch_5_6",0.8887608556992538,0.9324744169686325,0.9561960749759489,0.9258104492146116,0.7615158872309771,0.5411790370699476,0.9808298488461309,0.7611749243823519,23.125798291854018,27.480340983305783,41.082034804906954,30.562724693355587
"[8187,46863]_patch_5_7",0.8514511339648806,0.9632889161873126,0.9491738804373683,0.9213046435298539,0.12923292992419033,0.633991451454014,0.9544157715916801,0.5725467176566282,35.186260597603784,33.9001732528374,39.668730383980105,36.25172141147376
"[8187,46863]_patch_5_8",0.7109943399277299,0.9727876200329008,0.9515665919208923,0.878449517293841,0.13219813917110754,0.5888467736783722,0.963680297237407,0.5615750700289622,33.27871916107752,35.966350542956256,44.62849028209858,37.95785332871078
"[8187,46863]_patch_6_0",0.7999561695593209,0.7654071623893648,0.9383553170269874,0.8345728829918911,0.8076559701744949,0.6324502556038452,0.9838483136706596,0.807984846483,25.613372750291475,21.905293318168567,39.32106664777215,28.9465775720774
"[8187,46863]_patch_6_1",0.8763005270678275,0.7726672039745818,0.9519481374422867,0.8669719561615653,0.6023944424854311,0.5942099265736449,0.9857373187572916,0.7274472292721225,25.89698058978484,22.011917746218685,40.08168214824763,29.330193494750386
"[8187,46863]_patch_6_2",0.8664180100850809,0.8261957249413739,0.9578159251008542,0.8834765533757697,0.6881339095297154,0.5214349517622378,0.9857718681797377,0.7317802431572303,26.15871009948784,24.181778102470297,40.09227442605479,30.144254209337646
"[8187,46863]_patch_6_3",0.8336701494259162,0.8663994177506986,0.957004722174005,0.8856914297835399,0.7396369176389044,0.5581057040478136,0.9854096748963724,0.7610507655276968,24.357358252714118,25.2931090041091,40.22005820865832,29.95684182182718
"[8187,46863]_patch_6_4",0.837074094039514,0.8949500100092006,0.9584011818728185,0.896808428640511,0.714218110603958,0.5904500633789491,0.9869169567787108,0.7638617102538726,21.26175853508727,25.472690506313675,40.62375066165295,29.119399901017967
"[8187,46863]_patch_6_5",0.8551455602242038,0.9302789909457408,0.9567378306715228,0.9140541272804891,0.5054981567369146,0.5609395085608706,0.980921014796791,0.6824528933648587,22.360454505760515,27.26051005649208,40.493349107291394,30.038104556514664
"[8187,46863]_patch_6_6",0.8920840008798981,0.952354235578344,0.9524193739680332,0.9322858701420919,0.2925109018705023,0.5125416805902515,0.9723974418282928,0.5924833414296823,31.632899030091824,29.673361200622864,40.679658340937635,33.99530619055077
"[8187,46863]_patch_6_7",0.7462929989930737,0.9712933624009755,0.9521968649709296,0.8899277421216597,0.09506165520641038,0.73654585246774,0.9702942639995801,0.6006339238912435,32.518659174755264,36.31295066586212,44.57842611552899,37.80334531871546
"[8187,46863]_patch_6_8",0.7131209984713618,0.9718768710855866,0.9518688603279817,0.8789555766283099,0.16622628301739112,0.6792008347083294,0.973351973592991,0.6062596971062372,33.30454895645352,33.60342055342253,45.49728995240362,37.46841982075989
"[8942,53607]_patch_0_0",0.9977087243492329,0.9985260590502587,0.9486959307551722,0.9816435713848879,0.32152288585398997,0.34369755186812184,0.236725471679856,0.3006486364673226,45.77508263983436,46.39360228844112,48.13120123535471,46.76662872121006
"[8942,53607]_patch_0_1",0.9977897329186273,0.9999989938432369,0.9487633747313379,0.9821840338310673,-0.0008956415747624161,0.4435593582748928,0.9738280367069545,0.4721639178023616,58.5553629245721,74.42745167044154,48.02761727903537,60.336810624683004
"[8942,53607]_patch_0_2",0.9977546964443016,0.9999989600319352,0.9487633288914975,0.9821723284559115,0.1041883990938744,0.4372072201736817,0.973803545880767,0.5050663883827743,58.104772157479076,74.30216572802217,48.0286689786068,60.14520228803601
"[8942,53607]_patch_0_3",0.9667337678899498,0.987327331563456,0.9475733966964623,0.9672114987166228,0.6240540819951998,0.7764738619131342,0.9772119682668909,0.792579970725075,30.930375471211434,34.93652726465552,45.983912601879446,37.28360511258213
"[8942,53607]_patch_0_4",0.9421945746433424,0.9779078729322639,0.9452282630043519,0.9551102368599861,0.8016944664644725,0.7805602629579016,0.9721956166339979,0.8514834486854573,28.649426328739672,33.597255982386585,44.65887668762168,35.63518633291598
"[8942,53607]_patch_0_5",0.8539451054195276,0.9616429355676878,0.9377895608884389,0.9177925339585514,0.8444847801370766,0.6218947894578812,0.9792561177639906,0.815211895786316,25.727684095080466,33.88771436171368,40.20087811283781,33.27209218987732
"[8942,53607]_patch_0_6",0.6370969780372951,0.8445150508596287,0.9262332099105458,0.8026150796024899,0.6232754377232564,0.6209046819101639,0.9827070708764045,0.7422957301699417,22.563559236635733,22.96455251915838,34.95980989226475,26.829307216019618
"[8942,53607]_patch_0_7",0.5725223910260137,0.8062854585476933,0.9337973466012965,0.7708683987250012,0.643069818279941,0.6466472908248552,0.9812330544894718,0.7569833878647559,23.133277281287224,22.5675067723314,34.813517804178495,26.838100619265703
"[8942,53607]_patch_0_8",0.7110612828313689,0.9074005002895542,0.9055226293345766,0.8413281374851665,0.7945002479415004,0.7133736939432075,0.9735058808632785,0.8271266075826622,25.455211639658273,27.745155754004923,32.728021084023844,28.64279615922901
"[8942,53607]_patch_1_0",0.8758844793464489,0.9649497243794135,0.9440995922125834,0.9283112653128153,0.46263462029007113,0.716567826904305,0.9804722935457676,0.7198915802467146,23.35878669672152,33.99579958322663,43.31400675454442,33.55619767816419
"[8942,53607]_patch_1_1",0.880877365002428,0.9628693070334807,0.9444387075494854,0.9293951265284647,0.3661327771608264,0.31884441678265973,0.9800596535666095,0.5550122825033652,23.267570862938932,32.547833599500585,44.139167806682735,33.31819075637409
"[8942,53607]_patch_1_2",0.785914987484504,0.9281645790457339,0.9386530602489637,0.8842442089264004,0.3999815292330121,0.3799686133917467,0.9792768997804362,0.586409014135065,21.71020471905114,28.35271243298547,40.35441056899537,30.139109240343995
"[8942,53607]_patch_1_3",0.6536788300563676,0.8560384975068275,0.930440174790246,0.8133858341178136,0.44470258691693815,0.49575141705996406,0.9793675592321124,0.6399405210696716,20.704183625857226,26.781863036920086,37.463022562534746,28.316356408437354
"[8942,53607]_patch_1_4",0.6496276842274149,0.8388231555995841,0.9318762567202373,0.8067756988490787,0.43443690892734194,0.600705178265393,0.9795707337916391,0.6715709403281247,20.84383572649147,25.97704754316026,37.38844253887222,28.069775269507982
"[8942,53607]_patch_1_5",0.6732310145392734,0.8818181941275558,0.9327351274685132,0.8292614453784474,0.5345252221991834,0.6519190364251198,0.9809568515106983,0.7224670367116671,22.738984854391965,27.040281040596767,36.67162066964123,28.81696218820999
"[8942,53607]_patch_1_6",0.6842820218057004,0.8828997226204119,0.919221368477424,0.8288010376345122,0.6260160197065896,0.6836213062066431,0.981595009384558,0.7637441117659303,23.398897714805184,25.073360715671473,33.91600553771553,27.46275465606406
"[8942,53607]_patch_1_7",0.7120370257134027,0.8589325650956238,0.9242503613585559,0.8317399840558607,0.7511682339530302,0.7164052234335265,0.9784359437645483,0.8153364670503684,25.288459970503432,24.5590362221134,34.11396090813803,27.98715236691829
"[8942,53607]_patch_1_8",0.7563070586381063,0.871834112029093,0.9083574219084939,0.8454995308585644,0.8023846279576108,0.7406763763914685,0.9724730458527991,0.8385113500672928,26.38434802071702,25.908590793978526,33.12940825445264,28.47411568971606
"[8942,53607]_patch_2_0",0.5180083850691258,0.8626747857053471,0.9228486343807571,0.7678439350517433,0.4684319958035006,0.7301701322998407,0.979125036767134,0.7259090549568251,17.653130310016902,26.322023294086762,36.04049106741073,26.671881557171464
"[8942,53607]_patch_2_1",0.5370097886790961,0.8687508653817734,0.9241605656836351,0.7766404065815015,0.40336645914902897,0.5122612728658616,0.9787123051519188,0.6314466790556031,18.240872912612165,27.547052656046557,36.18778382813842,27.325236465599048
"[8942,53607]_patch_2_2",0.4792537263065837,0.8617347137856413,0.9156657181692145,0.7522180527538133,0.4051218963450579,0.5395417766587188,0.978580197587299,0.6410812901970252,18.506109282138652,26.892102723556256,34.468005092625525,26.62207236610681
"[8942,53607]_patch_2_3",0.42689016874588104,0.7997286996448968,0.9089638593272796,0.7118609092393524,0.46084944185162496,0.5234559369607739,0.9778579796109873,0.6540544528077953,19.151939075099126,25.172370695760694,33.64196639113144,25.988758720663753
"[8942,53607]_patch_2_4",0.4530294105222965,0.7827631778606357,0.9270693267285648,0.7209539717038324,0.40972201624737586,0.5561328696604351,0.9796304449558071,0.6484951102878727,19.75409389152253,24.14692425504701,35.24583083037061,26.38228299231338
"[8942,53607]_patch_2_5",0.598281886543954,0.8129713420239574,0.9393910561240802,0.7835480948973306,0.5540034004338381,0.6103004957104408,0.9822659498624585,0.7155232820022458,22.160368688569314,24.322883710865835,36.156933661101164,27.546728686845437
"[8942,53607]_patch_2_6",0.7106815058179509,0.8753632969464291,0.9201826302856769,0.835409144350019,0.661149116520254,0.5920248490510561,0.979028975681427,0.7440676470842457,23.551396292231605,25.76340024056424,33.75174591600257,27.688847482932804
"[8942,53607]_patch_2_7",0.7638115201587707,0.8832983834703171,0.9041109055511796,0.8504069363934225,0.8205309087283813,0.655674834825585,0.9742719395117155,0.8168258943552272,26.871741450143794,25.991605610221647,32.90939175701925,28.59091293912823
"[8942,53607]_patch_2_8",0.7460927835706221,0.8741645229008869,0.9097859014867914,0.8433477359861001,0.8084164971893105,0.7379864955064853,0.9748444649256478,0.8404158192071479,26.27405324912473,26.544977672717145,33.37155455441407,28.73019515875198
"[8942,53607]_patch_3_0",0.22814923700192025,0.8347869442045718,0.9119442804614516,0.6582934872226479,0.4052277271513097,0.6985392527421307,0.9746711034646057,0.692812694452682,15.811659298238343,25.039041395528805,33.944684415468004,24.931795036411717
"[8942,53607]_patch_3_1",0.35120174162112383,0.8494912183221911,0.8949167153179061,0.698536558420407,0.38305386300115574,0.6489171707561627,0.9663060720517804,0.666092368603033,17.38960895062618,26.64590880140603,32.778531516227865,25.604683089420025
"[8942,53607]_patch_3_2",0.4339154112853851,0.8640372041065771,0.8999522611277821,0.7326349588399147,0.592591519960128,0.6069235107554326,0.973682765405341,0.7243992653736339,18.65537828235955,26.137850006774737,32.308249930845236,25.700492739993177
"[8942,53607]_patch_3_3",0.6315179632625025,0.8574466689663746,0.8995003594330141,0.7961549972206304,0.8155241510628911,0.5453091083964527,0.9770109450913426,0.7792814015168954,22.036127628078404,25.12208849377864,32.458149207580306,26.53878844314578
"[8942,53607]_patch_3_4",0.7204968928766593,0.8494823190692654,0.9171913563070869,0.8290568560843372,0.8253734399246597,0.5876046873173932,0.9762431841309948,0.796407103791016,24.323488192575333,24.947611408485596,34.05961175662889,27.776903785896604
"[8942,53607]_patch_3_5",0.677572925776216,0.8279245276130295,0.936122054655652,0.8138731693482991,0.7271891604452559,0.6078741808610794,0.9793385934261577,0.7714673115774976,22.91274461334325,24.556371131236013,35.33389381384104,27.6010031861401
"[8942,53607]_patch_3_6",0.7205861555141244,0.8491035844449503,0.9198783574455974,0.829856032468224,0.7932138807339534,0.5361702649297356,0.9759438032131256,0.7684426496256048,24.38936138441752,24.981016222789126,33.843721085585436,27.73803289759736
"[8942,53607]_patch_3_7",0.7549868512581616,0.8729177283461829,0.8948346076983523,0.8409130624342324,0.7948755006713897,0.645763571153695,0.9701039562724098,0.8035810093658314,26.467851847347315,25.958543965758956,32.57763011564819,28.33467530958482
"[8942,53607]_patch_3_8",0.7463846055249346,0.8966980822987988,0.9007052970175001,0.8479293282804111,0.809107090572023,0.7957288956995998,0.9728797836234667,0.8592385899650298,26.607116738711607,27.488941700797067,33.12984506462631,29.07530116804499
"[8942,53607]_patch_4_0",0.36328268965210886,0.8599783065274125,0.8921588825388509,0.7051399595727906,0.6518204869111568,0.6607197450631883,0.9728750804263764,0.7618051041335739,17.794196266754415,25.069112034615735,31.966547872953058,24.94328539144107
"[8942,53607]_patch_4_1",0.40607174270703156,0.847462627711426,0.9072246557823079,0.7202530087335886,0.6136789325410192,0.6899769771790801,0.9723925212860006,0.7586828103353667,18.472907456768144,24.955151902769373,32.686790213369,25.37161652430217
"[8942,53607]_patch_4_2",0.5834481154284287,0.7946538647176963,0.9120393134325097,0.7633804311928781,0.7872997420634391,0.5831536762981379,0.9722991921458422,0.7809175368358062,20.72323907291928,22.588745870283727,33.047647045788786,25.453210662997265
"[8942,53607]_patch_4_3",0.7226477483538626,0.8028859340150608,0.9235334382249284,0.8163557068646172,0.8335550415549954,0.5617962042022052,0.9772980628120541,0.7908831028564182,23.282792430492208,22.516669694019274,34.40342725680158,26.734296460437687
"[8942,53607]_patch_4_4",0.7420187671362892,0.8479421571936715,0.9285315172621202,0.8394974805306936,0.8398802517126476,0.6191036301306533,0.9781520165076772,0.8123786327836594,23.586906871182435,24.580673448530163,34.94204107579926,27.703207131837285
"[8942,53607]_patch_4_5",0.6950394282407745,0.8564035868010723,0.9150556771125073,0.822166230718118,0.8080407966917464,0.6076295941451878,0.9731212449063658,0.7962638785811,23.484508838910045,25.03289149643202,33.42320709762393,27.313535810988665
"[8942,53607]_patch_4_6",0.6950927371895174,0.895197864714483,0.8883735250026117,0.8262213756355373,0.7355791071893196,0.5638118739005226,0.9682061846961328,0.7558657219286583,24.61293400287833,27.35165533911257,32.17119863198534,28.045262657992083
"[8942,53607]_patch_4_7",0.710539596318674,0.9033650609630454,0.8842197985118804,0.8327081519312,0.7499464902130311,0.7354991580993475,0.9655966355456865,0.817014094619355,26.17636498383166,27.526632565454037,32.19485623056918,28.63261792661829
"[8942,53607]_patch_4_8",0.7526998607463475,0.8886935826044566,0.8950565103699271,0.8454833179069103,0.8170926855718277,0.7411179883177302,0.9688679497458672,0.8423595412118083,26.914111129975105,25.899046805157205,32.91429391745962,28.57581728419731
"[8942,53607]_patch_5_0",0.4258745612567642,0.8773235341082282,0.8820608561267569,0.7284196504972499,0.6992889199112081,0.6753362802427125,0.9723340692204478,0.7823197564581227,19.328170156412725,24.88828991436794,31.058989040205457,25.09181637032871
"[8942,53607]_patch_5_1",0.509731682072059,0.8633491461639509,0.8959394470132487,0.7563400917497528,0.7702203675424956,0.6450854586818769,0.9690779398855862,0.7947945887033195,20.37969246212638,24.344025051517054,32.17890383651241,25.634207116718613
"[8942,53607]_patch_5_2",0.6106512107872953,0.7833267425830875,0.9144587519671081,0.7694789017791637,0.7634644438251982,0.5288824725140071,0.9676379515559933,0.7533282892983996,21.975239683288812,21.972422091745294,34.03826810475414,25.995309959929415
"[8942,53607]_patch_5_3",0.6697738484199368,0.7878900659805339,0.9184925812669809,0.7920521652224838,0.8064774323299339,0.5807696687404831,0.9775479810931491,0.7882650273878552,23.006161969878868,21.729622119834065,33.518060310120646,26.08461479994453
"[8942,53607]_patch_5_4",0.6700619004197862,0.8570780576925632,0.932608281537335,0.8199160798832281,0.7931323751137039,0.6818616352872333,0.9809057869640905,0.8186332657883426,22.27155770247029,24.491426779117983,34.52819813385861,27.09706087181563
"[8942,53607]_patch_5_5",0.7139073429481193,0.8682634093448662,0.9272887390567915,0.8364864971165923,0.7924627189751203,0.6042626393603482,0.9767455048461919,0.7911569543938869,23.992300189663172,25.043088885750706,34.44839341006617,27.827927495160015
"[8942,53607]_patch_5_6",0.7330907004515264,0.906401462862418,0.8934963848138895,0.8443295160426113,0.8162391181035664,0.6736489311451825,0.9698800883194081,0.8199227125227191,26.299620911245015,27.562207660116783,32.36300175664523,28.741610109335678
"[8942,53607]_patch_5_7",0.7326529511255739,0.8985381081361954,0.8853783387316236,0.8388564659977976,0.7913128915699462,0.745811584556371,0.9679152607508933,0.8350132456257368,27.271576033530465,26.644975940006614,32.10118817554191,28.672580049692996
"[8942,53607]_patch_5_8",0.7414868116507095,0.8769894258624147,0.8979787432716793,0.8388183269282677,0.784352903704552,0.723904033465811,0.9701196519931408,0.8261255297211679,25.77151927628854,25.049509700026576,32.982319119945544,27.93444936542022
"[8942,53607]_patch_6_0",0.486080428583016,0.8523757901406858,0.8769527702849496,0.7384696630028836,0.7294000187434547,0.5435572740299536,0.9681897084266802,0.7470490004000295,20.818619234509335,23.235769997937652,31.29517878743644,25.11652267329448
"[8942,53607]_patch_6_1",0.5509105184647793,0.8812139870324499,0.8766768659080194,0.7696004571350828,0.7887956306247228,0.5495861369160193,0.9498604922558366,0.762747419932193,21.90066895009786,25.49676102815638,32.51013865425156,26.635856210835268
"[8942,53607]_patch_6_2",0.6186894083693864,0.8782539182368072,0.8812863347999023,0.7927432204686986,0.7943661075976964,0.520205908251966,0.9485705077942519,0.7543808412146381,23.05436634846223,25.1848279576187,33.018980189558384,27.086058165213103
"[8942,53607]_patch_6_3",0.6482260218476504,0.8623966432302543,0.8917967279033331,0.8008064643270792,0.7975533286442505,0.6063861378493646,0.9731672349791446,0.7923689004909199,23.125578933507576,24.02734000032366,32.01869863751468,26.39053919044864
"[8942,53607]_patch_6_4",0.6901368576032537,0.8625097485975057,0.9272177372399915,0.8266214478135837,0.8228636712036388,0.6523129043164607,0.97769740505492,0.8176246601916731,23.091459943707854,24.750485096841935,34.20519506541113,27.349046701986975
"[8942,53607]_patch_6_5",0.7970575877108541,0.8750992420473023,0.9241032092084519,0.8654200129888694,0.83971961942362,0.6287833443159508,0.9737465962232511,0.8140831866542739,26.5015173067206,25.574060797500863,34.63215520310101,28.90257776910749
"[8942,53607]_patch_6_6",0.7359781668103876,0.9064240157502259,0.8928720234482256,0.8450914020029464,0.7984070859202157,0.6203676128762382,0.9697547953528762,0.7961764980497769,26.408177680638254,26.81604847412929,32.442309465585296,28.55551187345095
"[8942,53607]_patch_6_7",0.7463179960510324,0.8987889954625013,0.8865232956871554,0.8438767624002296,0.7845663372141913,0.746421260678808,0.9690014629727529,0.8333296869552508,27.30341859947007,25.937095718181396,32.27205266323233,28.504188993627935
"[8942,53607]_patch_6_8",0.7645503523676582,0.8755416837077749,0.8976113867122841,0.8459011409292391,0.8270251824535536,0.7840573957660069,0.9699494220678994,0.8603440000958199,27.038823887872173,24.35379610361157,33.10408565966444,28.165568550382726
"[9241,45651]_patch_0_0",0.9892022739651394,0.9819846847143618,0.946247199997206,0.9724780528922358,0.9658432851481874,0.060125996743493976,0.9707257331715375,0.665565005021073,36.93466343640932,37.90069988512627,45.97167196783615,40.26901176312392
"[9241,45651]_patch_0_1",0.8955185822497113,0.9366577625444332,0.9271722004376217,0.9197828484105887,0.9239030791574386,0.3108106652827941,0.981311172588837,0.7386749723430232,25.925704590346925,32.60923554547305,40.07472481023476,32.86988831535158
"[9241,45651]_patch_0_2",0.7739127169354355,0.8679445616236304,0.9131857171850823,0.8516809985813828,0.8338949513092776,0.47518194414187204,0.9832456565862694,0.7641075173458063,23.59210292994922,26.491134497883916,36.61211971742822,28.89845238175379
"[9241,45651]_patch_0_3",0.7424065484270279,0.8534763591816346,0.9048476475617793,0.8335768517234806,0.8058369651591321,0.5551623004201554,0.9825638903928061,0.7811877186573645,23.1181005370332,26.527503163899937,36.03391202552765,28.559838575486925
"[9241,45651]_patch_0_4",0.7445557188035724,0.8896730243215929,0.9031602319318064,0.8457963250189905,0.8339799029908198,0.5828413262083008,0.9835949813974133,0.8001387368655113,23.237785710577832,28.359690331742243,36.54397070305321,29.380482248457763
"[9241,45651]_patch_0_5",0.7854706167369288,0.8653487326501702,0.9167418374659676,0.8558537289510223,0.8390810942637845,0.6714607614017409,0.9846990945506462,0.8317469834053904,24.13747631399373,26.549859460475844,36.02263393546175,28.903323236643775
"[9241,45651]_patch_0_6",0.8141736496403161,0.8310786858481877,0.9328395825389836,0.8593639726758292,0.7520724651124756,0.6191766358225177,0.9832935346681738,0.7848475452010558,24.755576011191152,24.389119609963416,36.0510346141086,28.398576745087723
"[9241,45651]_patch_0_7",0.7953966233514771,0.8524034472526948,0.9429612175096616,0.8635870960379446,0.7297210687117389,0.6014840947848488,0.9836009621840145,0.771602041893534,23.92509737402974,24.147638741690383,37.26988237952601,28.447539498415377
"[9241,45651]_patch_0_8",0.8671932267711263,0.8874603926657828,0.9473828526624645,0.9006788240331245,0.6994330636473338,0.5539020929461753,0.9806043847587174,0.7446465137840755,24.582125922177227,25.190061005268653,38.73272100417449,29.501635977206792
"[9241,45651]_patch_1_0",0.9971378117809048,0.9947706775472337,0.9483440802295722,0.9800841898525702,0.9584284236066377,0.002548592853192237,0.9106896623433506,0.6238888929343935,44.12715757052777,43.17912898596038,47.68655077519803,44.9976124438954
"[9241,45651]_patch_1_1",0.9738552425855557,0.9689036108220039,0.940857454120399,0.9612054358426528,0.9606086722665208,0.10121850205822468,0.962396833221392,0.6747413358487124,30.27858740988396,38.304881569153416,43.782220446170335,37.45522980840257
"[9241,45651]_patch_1_2",0.9044020035280761,0.9536670053762737,0.9328361786862307,0.9303017291968602,0.9116697617083115,0.09053591787540906,0.974747988207401,0.6589845559303739,25.23196960501255,36.38272178161426,41.542461993315015,34.385717793313944
"[9241,45651]_patch_1_3",0.8716881502582026,0.9449009116609305,0.9306274227787725,0.9157388282326352,0.8826346768480585,0.528030007626367,0.9781552504268306,0.796273311633752,23.0818649098368,35.2031375073157,40.60081040196813,32.961937606373546
"[9241,45651]_patch_1_4",0.7759142593735494,0.9107689929001321,0.9149361799832638,0.8672064774189817,0.8446390158468609,0.6352867850280137,0.9822697103809933,0.8207318370852893,21.356778292328972,30.395948091220667,38.33488705679016,30.029204480113265
"[9241,45651]_patch_1_5",0.7445076093858516,0.8703914563404548,0.915165191045196,0.8433547522571675,0.7743239267249912,0.6394412708765762,0.9845985375851732,0.7994545783955802,23.12401852283343,26.545383953000847,36.26142630844245,28.64360959475891
"[9241,45651]_patch_1_6",0.7652512676118435,0.8611577882740117,0.9342985758061924,0.8535692105640159,0.689611936379685,0.5900783281313149,0.9837691583030468,0.7544864742713489,24.62551008825081,24.964902990017293,36.486319034777644,28.692244037681917
"[9241,45651]_patch_1_7",0.792395290393516,0.8351896167920396,0.9438531803741238,0.8571460291865599,0.7485679172113117,0.6725473090447603,0.9838685173746378,0.8016612478769032,25.702145297258816,23.849090467505807,37.66867615363802,29.073303972800883
"[9241,45651]_patch_1_8",0.7887981709189512,0.8295248997236185,0.9509132425881586,0.8564121044102428,0.6911363268248627,0.5944221967747906,0.9838655248052662,0.7564746828016399,23.874857135085563,22.95728227268208,38.896852725509056,28.576330711092236
"[9241,45651]_patch_2_0",0.9991590653956003,0.9988149881298122,0.9487873095081851,0.9822537876778658,-0.0005008655411601447,-8.893590276241685e-05,0.9573352792543053,0.3189151592701276,64.98262494893987,51.241966114427385,48.1219658185953,54.78218562732085
"[9241,45651]_patch_2_1",0.9941982339118494,0.9961632072719183,0.9485616237888966,0.9796410216575548,0.1274302432645296,0.4203725232085461,0.221206862452888,0.2563365429753212,41.47454186817019,45.04918333681313,48.1109025836895,44.87820926289094
"[9241,45651]_patch_2_2",0.9937177245607149,0.995025675926928,0.9485496055466375,0.9790976686780936,0.09693734278349148,0.43466247782398926,0.2170130329965678,0.2495376178680162,41.44997819008935,44.782716683441,48.109171344712976,44.780622072747775
"[9241,45651]_patch_2_3",0.998878583291202,0.9986020938369993,0.9487401766801038,0.9820736179361017,0.5236465527555955,0.004913249617393594,0.621737958025506,0.3834325867994983,63.3647409344358,56.183177011393084,48.11261801524583,55.88684532035824
"[9241,45651]_patch_2_4",0.906517847599811,0.9686958869999656,0.9382090805001051,0.937807605033294,0.8720081385545976,0.029641574356870964,0.9822347031747514,0.62796147202874,24.16812262755705,39.020383504243334,43.2576560134122,35.482054048404194
"[9241,45651]_patch_2_5",0.7931021677029423,0.9105726554484301,0.9260085506626525,0.8765611246046751,0.8011307360258119,0.54923453741091,0.9834806048888528,0.7779486261085249,23.50147189641508,28.28883431977378,37.685044954427305,29.825117056872056
"[9241,45651]_patch_2_6",0.805344399070199,0.8518150700276451,0.9314458067652733,0.8628684252877058,0.7802158587962704,0.588383138247471,0.9825072359926694,0.7837020776788036,26.041983198235435,25.04548309152874,36.527718826803486,29.205061705522553
"[9241,45651]_patch_2_7",0.7801162373946257,0.8484591760997362,0.9433595577375253,0.8573116570772958,0.7037921128029131,0.6582974158347951,0.9831646382950839,0.7817513889775974,25.384058047182954,24.532459130636745,37.64735468894582,29.187957288921837
"[9241,45651]_patch_2_8",0.7257621006625269,0.8740116284362719,0.9461152931329896,0.8486296740772628,0.7013144959271914,0.6827053271053733,0.9826337606918512,0.7888845279081386,22.328125579451658,25.388616056409653,38.19193841866082,28.63622668484071
"[9241,45651]_patch_3_0",0.9901880557805817,0.991942009552714,0.9463115736170166,0.9761472129834375,0.9339839809368804,0.6235740806944646,0.9227307728369022,0.826762944822749,35.149016108687434,48.051529410952085,47.41532518134193,43.53862356699381
"[9241,45651]_patch_3_1",0.9281636388433562,0.9539290339060356,0.9356928176948873,0.9392618301480931,0.8840011962117833,0.20150892601164994,0.9755043491430256,0.6870048237888197,25.676869072387703,35.13850452553847,43.03218797062485,34.61585385618367
"[9241,45651]_patch_3_2",0.8627352277982634,0.9215933469880176,0.9231854817625555,0.9025046855162788,0.9188546902642103,0.5504093355884213,0.9798305708823439,0.8163648655783251,24.483226955033114,31.35305313275918,39.505666792847336,31.78064896021321
"[9241,45651]_patch_3_3",0.8510102568277242,0.9127863975944276,0.9276053965160914,0.8971340169794143,0.9073821364718774,0.6053204839434018,0.9834529334115244,0.8320518512756011,23.440838858045964,29.585420953286285,38.7653021849057,30.59718733207932
"[9241,45651]_patch_3_4",0.9026451539304662,0.9500281393189806,0.9356490559297257,0.9294407830597242,0.9153001585280386,0.6561863698407401,0.9834814093129917,0.8516559792272568,24.34955763086426,32.73786666176921,41.43204563063014,32.839823307754536
"[9241,45651]_patch_3_5",0.8433368672985658,0.9104905604031436,0.9293720321174541,0.8943998199397211,0.8578201953061155,0.527557753240201,0.9839735724849161,0.7897838403437443,23.84015373574467,28.058406183694093,38.3606028992132,30.08638760621732
"[9241,45651]_patch_3_6",0.8310673151421247,0.8063197921687897,0.9256656596453101,0.8543509223187415,0.8247874078840345,0.5314415854555531,0.9823611157156537,0.7795300363517471,25.304117884971795,23.40221163558755,35.97912829051555,28.22848593702496
"[9241,45651]_patch_3_7",0.8158656975635868,0.8395604690823862,0.9404742233988612,0.8653001300149447,0.7384879616246477,0.6224963647449626,0.9825799178276629,0.7811880813990909,26.270714701176956,24.172244394608885,37.302185151593974,29.248381415793272
"[9241,45651]_patch_3_8",0.7321176300743589,0.9067564671913781,0.9434530622241185,0.8607757198299519,0.6217544176384368,0.6448711768882498,0.979063688149884,0.7485630942255236,22.569176484164938,26.775062317235058,37.52836405830044,28.957534286566812
"[9241,45651]_patch_4_0",0.8975412993715329,0.9274903830350295,0.9316490569952697,0.9188935798006107,0.8681459127248731,0.5081115708749222,0.9761992540403007,0.784152245880032,24.677594011554753,31.373329733616252,41.328502666128614,32.45980880376654
"[9241,45651]_patch_4_1",0.7895959138439308,0.8492327535890773,0.9095637636277035,0.8494641436869039,0.8534060167570672,0.5881157940811809,0.980177295364676,0.8072330354009747,23.344901161924938,26.573116300542104,36.656897436462714,28.85830496630992
"[9241,45651]_patch_4_2",0.7732942121612029,0.8001226915913616,0.9044306616810991,0.8259491884778879,0.836828622243518,0.593663752327087,0.9825029726268539,0.8043317823991529,23.78653158421129,23.562643492764398,34.73948807360519,27.36288771686029
"[9241,45651]_patch_4_3",0.7842850213766805,0.7787849084114297,0.904408850682842,0.8224929268236507,0.852932787944746,0.594303043395694,0.9826389135032849,0.8099582482812417,24.063603583048984,22.67241631692347,34.22771102754362,26.987910309172026
"[9241,45651]_patch_4_4",0.7957546781700641,0.8551238437857129,0.9176222900938631,0.85616693734988,0.8806081350108129,0.5960484758604115,0.9842714412468575,0.8203093507060273,24.3037458044823,25.264693296593542,36.077958298592485,28.548799133222776
"[9241,45651]_patch_4_5",0.790950700591078,0.9049966359643791,0.9281713500344924,0.8747062288633165,0.8160856217495817,0.6147732992249979,0.9847991834075711,0.8052193681273835,24.991029998695275,27.989868105489247,36.96906960849961,29.98332257089471
"[9241,45651]_patch_4_6",0.7534690649553445,0.8407551634998676,0.9308739109811015,0.8416993798121046,0.7296464138482388,0.5973296483653565,0.9830582033367518,0.7700114218501156,24.44881293595965,23.84508942521776,36.36895673871075,28.220953033296055
"[9241,45651]_patch_4_7",0.7282816631102441,0.856925833012981,0.9427038457203091,0.8426371139478448,0.6827812494174571,0.6022163516973271,0.984304818799706,0.7564341399714968,25.092375505380573,23.88137729501018,37.66849146333473,28.880748087908497
"[9241,45651]_patch_4_8",0.7052726389723935,0.9053933590922568,0.9508768311926427,0.8538476097524309,0.6769940050252845,0.6269877932133389,0.9828185762661025,0.7622667915015753,23.391705724621374,27.21091827054552,38.61059454909006,29.73773951475232
"[9241,45651]_patch_5_0",0.8174188780537925,0.8468788650944482,0.9175471725911828,0.8606149719131411,0.8944874385693529,0.6453214805279566,0.9799913907312954,0.8399334366095349,25.04724350980265,25.985618937663553,37.02789293490134,29.353585127455847
"[9241,45651]_patch_5_1",0.7518826125041732,0.776309589196634,0.9110594078523804,0.8130838698510625,0.8394163824585892,0.6602477218382427,0.981663457080383,0.8271091871257382,23.94470349819192,23.167949880013353,35.212408116297794,27.44168716483436
"[9241,45651]_patch_5_2",0.8036590719582594,0.7515328977767544,0.9182935476297468,0.8244951724549202,0.8169907311132067,0.6108223139079092,0.9822726114251481,0.803361885482088,24.48311243740878,22.040137710479083,34.724695941195165,27.08264869636101
"[9241,45651]_patch_5_3",0.8271744912348507,0.7402363635476441,0.9155766096976172,0.8276624881600373,0.8539950769429585,0.5702653839975974,0.9819530545808632,0.802071171840473,25.02467655163089,21.54142949113378,34.34532315200979,26.970476398258153
"[9241,45651]_patch_5_4",0.7726938779848923,0.7994950162592008,0.91024150887564,0.8274768010399111,0.8297743027992289,0.5577003761839996,0.9832358144618101,0.7902368311483462,23.517198397057232,23.102880083619404,34.568732384667335,27.06293695511466
"[9241,45651]_patch_5_5",0.7463302496058888,0.8525430118761468,0.9217706151732055,0.840214625551747,0.7701550263379756,0.5273588766666781,0.9832599597218801,0.7602579542421779,23.48111945002145,24.845992515733727,35.25267495310488,27.859928972953355
"[9241,45651]_patch_5_6",0.7757369745981664,0.8619272798035262,0.9378377680368759,0.8585006741461895,0.7420457163254298,0.6376538697976523,0.9832446975059557,0.7876480945430125,25.768018641241856,24.43941525689276,37.039298169114254,29.08224402241629
"[9241,45651]_patch_5_7",0.7178951249069981,0.8901327805308208,0.9403530992482861,0.8494603348953683,0.764466938725385,0.6831090617256801,0.9844779215578234,0.8106846406696295,24.07118598511589,25.541918472177876,37.53348659276364,29.048863683352465
"[9241,45651]_patch_5_8",0.7580713227774788,0.9180717605807639,0.9514718784008283,0.8758716539196904,0.7327161898267617,0.45104436421681415,0.9821061980015584,0.7219555840150447,22.913209994328692,27.46762555554541,38.8940769340936,29.75830416132257
"[9241,45651]_patch_6_0",0.7980548609208988,0.8763091233222066,0.9237565279684264,0.8660401707371772,0.8433948322972812,0.6797117106179682,0.9828290405032973,0.8353118611395156,24.51867315028668,26.64010623818839,37.419275210968834,29.526018199814633
"[9241,45651]_patch_6_1",0.7777942539516481,0.7882622248925559,0.9123131482204712,0.8261232090215583,0.8411581241753828,0.6279151477855814,0.9814613959877578,0.8168448893162408,24.2482470540773,23.299985949851294,35.26360557072838,27.603946191552325
"[9241,45651]_patch_6_2",0.7897022007303677,0.8042903275656735,0.9253436969745114,0.8397787417568509,0.7731743436277928,0.6277978888275774,0.9826722118381105,0.7945481480978268,24.143337378358247,23.698035886735536,35.67816495518025,27.839846073424678
"[9241,45651]_patch_6_3",0.7970565119605515,0.824763929975024,0.9231713781872817,0.8483306067076191,0.8040441474273462,0.556450993326308,0.9827085064757004,0.7810678824097849,24.192712741872352,24.154782586422314,35.429002072805986,27.925499133700217
"[9241,45651]_patch_6_4",0.8246636572109917,0.8430284394772646,0.9360813616720499,0.867924486120102,0.804714386117762,0.5436344914106301,0.9842081921508288,0.777519023226407,26.244458830377724,23.782494845913405,36.406805255612426,28.811252977301184
"[9241,45651]_patch_6_5",0.8270356749504634,0.8189095917553106,0.9321087137351699,0.859351326813648,0.8036545348105674,0.5610016270330523,0.9835230348379188,0.7827263988938462,25.22268789012115,22.951928699753047,36.017214096380705,28.06394356208497
"[9241,45651]_patch_6_6",0.7905908396608147,0.8500568506751489,0.9368222301906871,0.8591566401755503,0.7672706466152694,0.6634099207248556,0.9839337027093364,0.8048714233498204,25.46598735650504,23.941794414118945,36.884980442334914,28.7642540709863
"[9241,45651]_patch_6_7",0.7865443460944676,0.8853302332540811,0.9478379967517369,0.8732375253667618,0.8054233267943575,0.6309723695624333,0.98341244017759,0.806602712178127,25.139511193100187,25.53387612369141,38.668588510235324,29.78065860900897
"[9241,45651]_patch_6_8",0.8881390284101425,0.8971145730966764,0.9556109009041108,0.9136215008036433,0.7838363843599783,0.4566073570691099,0.9813889936663486,0.7406109116984788,25.44944973489178,25.31117486318843,39.68926008813929,30.14996156207317
"[9364,55222]_patch_0_0",0.8886918212870059,0.8397402846312636,0.9288379375212722,0.885756681146514,0.8975600234436665,0.5825450632862016,0.9771627350971769,0.8190892739423483,32.241650481860624,24.823939598345866,36.31197297253174,31.125854350912743
"[9364,55222]_patch_0_1",0.8352431752050279,0.9160573048022171,0.8992110955349982,0.8835038585140812,0.8333889416760336,0.6118885107180159,0.9740182320948424,0.8064318948296306,30.839349327655942,27.748103270240897,33.386377324462856,30.657943307453234
"[9364,55222]_patch_0_2",0.8112798715386917,0.9312886533697583,0.8907370691680203,0.8777685313588234,0.7918326875253217,0.6531629533215021,0.9688970617546856,0.8046309008671697,30.70523454838563,27.563664064540113,32.78435167245516,30.3510834284603
"[9364,55222]_patch_0_3",0.8057949451445381,0.9391006756927638,0.9104145492043441,0.8851033900138819,0.7841011580669202,0.639048304643551,0.9725662880654914,0.7985719169253209,30.42253958662158,28.850447210277856,34.397551792830036,31.223512863243155
"[9364,55222]_patch_0_4",0.8136737208138692,0.8809631275258296,0.9273460159704171,0.873994288103372,0.8317378580199929,0.6213601677867575,0.9757228587572468,0.8096069615213324,29.462678155882532,24.634412447611357,36.628308983209706,30.24179986223453
"[9364,55222]_patch_0_5",0.8115743385077977,0.7758774549165415,0.9376669515456918,0.8417062483233436,0.8409979849340551,0.634956194666429,0.9782197301229011,0.818057969907795,27.136457556861416,21.88248906326097,37.86053751167104,28.95982804393114
"[9364,55222]_patch_0_6",0.8091846423470022,0.7675930586291954,0.9480105299021193,0.8415960769594388,0.6246118418010125,0.612271175430851,0.9816133365686989,0.7394987846001874,27.047340226537052,21.88368467202999,39.707952607229174,29.546325835265407
"[9364,55222]_patch_0_7",0.8578974347963779,0.8165455067921633,0.9453088460278807,0.8732505958721406,0.8407304599973933,0.55022714870902,0.9814086886929554,0.7907887657997895,29.102820720709815,22.830075435174734,38.91860274118996,30.283832965691502
"[9364,55222]_patch_0_8",0.762613768274224,0.8643979940314996,0.9215866370707666,0.8495327997921635,0.8348239113655257,0.6241593131926338,0.9777645725516447,0.8122492657032682,23.47202500152923,25.01878030576787,36.214254259145704,28.23501985548093
"[9364,55222]_patch_1_0",0.9335808381877037,0.7856398333479993,0.9421862008133087,0.8871356241163372,0.8874935613596802,0.6211965319023135,0.9786047369148001,0.829098276725598,34.133527438136454,22.76643389837873,38.9808515067002,31.96027094773846
"[9364,55222]_patch_1_1",0.8941592745822173,0.8214530655214577,0.935251770726777,0.8836213702768174,0.8955838643733214,0.6288519727812218,0.9766130101371066,0.8336829490972165,31.126619013375393,23.64583649597821,37.53591866445574,30.769458057936447
"[9364,55222]_patch_1_2",0.8638878286596252,0.7981907790586333,0.9323728385905611,0.8648171487696065,0.8696281997815528,0.608155610790718,0.9753222181975124,0.8177020095899277,29.360723801969613,22.75640609683695,36.91941109340962,29.678846997405397
"[9364,55222]_patch_1_3",0.8399106834434537,0.7879906676207497,0.9295008625226839,0.8524674045289625,0.8977244100436446,0.5498852876995302,0.9747817766302723,0.807463824791149,27.512015737358333,22.056265730228898,36.94596990024213,28.838083789276453
"[9364,55222]_patch_1_4",0.8221686719663334,0.7969963221785302,0.9270280683627141,0.8487310208358592,0.8689561133010778,0.5800151931809348,0.9756950733814393,0.8082221266211507,27.606655594620054,22.55108480165759,37.166363298197304,29.108034564824987
"[9364,55222]_patch_1_5",0.8413750080862684,0.7625111673059073,0.9297552101969587,0.8445471285297114,0.8744622954033713,0.6183218730075386,0.9773636165397506,0.8233825949835536,27.934959596683456,21.864663205087787,37.28220231995838,29.02727504057654
"[9364,55222]_patch_1_6",0.8453401808877539,0.781450823103325,0.943402378295697,0.8567311274289252,0.7854293958708412,0.5979606247776382,0.9806528334814258,0.7880142847099684,28.45911023939003,21.888697609519454,39.577579929569715,29.97512925949307
"[9364,55222]_patch_1_7",0.8796478729661384,0.7770876256403008,0.9504705551480573,0.8690686845848322,0.4485847763011813,0.5531060538127354,0.9822213070810654,0.6613040457316607,31.098339292671255,21.41961387268401,40.877009680173295,31.131654281842856
"[9364,55222]_patch_1_8",0.8411471630569022,0.7979966178299689,0.9433200466039953,0.8608212758302888,0.8166505845983948,0.6374979133781815,0.9815135314885514,0.8118873431550426,25.63925751945824,22.46642086404499,38.77507423883562,28.960250874112955
"[9364,55222]_patch_2_0",0.9799460772582412,0.7602714085840119,0.9443299314233841,0.8948491390885457,0.6491017971480201,0.5726188656909583,0.980289726706612,0.7340034631818634,40.010472220567266,21.68187681839632,39.714372334664255,33.802240457875946
"[9364,55222]_patch_2_1",0.9532102514959879,0.752776703269087,0.945531945125914,0.8838396332969962,0.6417501701255088,0.5997701377550598,0.9825230067712529,0.7413477715506072,35.00205753816837,21.33000494036127,39.93629160333577,32.0894513606218
"[9364,55222]_patch_2_2",0.9496621936586448,0.6370857499602371,0.9459304436672751,0.8442261290953857,0.7076133130059007,0.5532442131771074,0.9826686504065264,0.7478420588631781,35.127665678476625,19.694641483289953,39.172459087721265,31.33158874982928
"[9364,55222]_patch_2_3",0.9432617627614367,0.6476581584039268,0.9448404779185512,0.8452534663613048,0.786192890540149,0.5921834825185692,0.9818793487817873,0.7867519072801685,33.15326921309663,19.77920533895854,39.087297982067845,30.673257511374334
"[9364,55222]_patch_2_4",0.8512138340844059,0.7196382002516385,0.9367850183935006,0.8358790175765151,0.8120481305481352,0.6187949050405155,0.9788409151301893,0.8032279835729467,27.047082825474703,20.84312102638709,38.60514352146864,28.831782457776814
"[9364,55222]_patch_2_5",0.8572253921956449,0.733401280747145,0.9358103815453399,0.8421456848293766,0.8501727387590496,0.5734417709169692,0.9800400078920944,0.8012181725227044,28.100853550312564,21.219226671397863,38.34884590694184,29.22297537621742
"[9364,55222]_patch_2_6",0.9008638406559972,0.7583576114891984,0.946324092043259,0.8685151813961515,0.7811296280333783,0.5610057785792081,0.9818649083476327,0.7746667716534064,31.0281879943063,21.50910746822793,40.056685655551036,30.864660372695088
"[9364,55222]_patch_2_7",0.9030565811555645,0.7667619459442753,0.9501302137672284,0.8733162469556893,0.6948880767512036,0.5407434141825262,0.9827880133448924,0.7394731680928741,33.069546465691396,21.594780565135075,40.98556803841323,31.883298356413235
"[9364,55222]_patch_2_8",0.8561527812460351,0.7889307851270101,0.9481643652180687,0.864415977197038,0.8013239084130166,0.566722867010844,0.9826910540166064,0.7835792764801557,29.884959049711096,22.537666600838094,39.473712010155594,30.632112553568263
"[9364,55222]_patch_3_0",0.8960613543327393,0.7581008152596624,0.9445516706052456,0.8662379467325492,0.776345702036956,0.6148524775066331,0.9768127430109731,0.789336974184854,33.319207323846825,22.404608764470503,38.750290630380086,31.49136890623247
"[9364,55222]_patch_3_1",0.9400450577382293,0.7150080185083766,0.9443672237489497,0.8664734333318519,0.5217502946341864,0.5230558458722304,0.9817752742344424,0.6755271382469531,34.11648646281599,20.60451282781734,39.45354953682928,31.391516275820873
"[9364,55222]_patch_3_2",0.9883264005076128,0.6539766395809153,0.9451489668204648,0.8624840023029976,0.0737333760472076,0.5376825716219238,0.9831856154793964,0.5315338543828426,51.02536505981505,19.74121811940432,39.151022745175425,36.63920197479826
"[9364,55222]_patch_3_3",0.9572498024312963,0.6217924509048796,0.9439523843331069,0.8409982125564276,0.446622434352476,0.6232718991148531,0.9833729153940312,0.6844224162871201,33.603664724699286,18.89813358577158,38.872574871358914,30.45812439394326
"[9364,55222]_patch_3_4",0.8308772678549468,0.6645418594970103,0.9401569185356565,0.8118586819625379,0.6381247173287125,0.6464305108157195,0.981777729607841,0.7554443192507576,28.099299004724898,19.02014762701728,38.64536020585053,28.58826894586424
"[9364,55222]_patch_3_5",0.8303422178431825,0.7075557359316531,0.9413951760883748,0.8264310432877368,0.6082696519982778,0.6336640497180234,0.9826233061117028,0.7415190026093347,27.82679677108408,20.632260139541994,38.92211378616413,29.127056898930068
"[9364,55222]_patch_3_6",0.8970371135030295,0.7238420760929545,0.9442052583933159,0.8550281493297667,0.19070722300915338,0.6103186134537205,0.9825730632211337,0.5945329665613359,29.792208775476663,21.303914932036392,39.818815345569504,30.304979684360855
"[9364,55222]_patch_3_7",0.7972042869343692,0.772721653829542,0.9457887232887103,0.8385715546842073,0.5190561208011347,0.5677914396774724,0.9805046317612774,0.6891173974132948,27.20268890773463,21.988608744265324,39.99555729271829,29.728951648239416
"[9364,55222]_patch_3_8",0.7250065348934085,0.8479297671658129,0.9279895591711074,0.833641953743443,0.7558493602136712,0.4705461632496725,0.9803872428745531,0.7355942554459656,23.440775108860997,25.325234830060765,36.023082580150295,28.263030839690686
"[9364,55222]_patch_4_0",0.7943127619072042,0.817198590105448,0.9385738623858818,0.8500284047995114,0.760010285804118,0.6313809353838935,0.977415569408202,0.7896022635320712,29.654759243323852,23.499856163094638,37.53607613171413,30.230230512710875
"[9364,55222]_patch_4_1",0.8381151815442789,0.7629432964242152,0.9411805714876118,0.8474130164853687,0.7887624507007078,0.5628551363727776,0.9779601195517871,0.7765259022084242,29.729129057389553,22.177332552021717,38.794300439860486,30.233587349757254
"[9364,55222]_patch_4_2",0.9410508372520041,0.7630623530547768,0.9436346894281501,0.8825826265783103,0.8624938480627932,0.5664966019546412,0.9788041015841273,0.8025981838671873,33.83114831310873,21.951745043327357,38.6956024419888,31.492831932808297
"[9364,55222]_patch_4_3",0.9827664214103173,0.6882493582823608,0.9482619247762709,0.8730925681563164,0.032916386167209266,0.636055075928569,0.9825185151832438,0.5504966590930074,48.87355761593657,19.69528640980097,39.28021663317307,35.94968688630354
"[9364,55222]_patch_4_4",0.9378436861501114,0.6084705162993265,0.9430109307161207,0.8297750443885196,0.038785946308740424,0.6790917802899783,0.9829591742897725,0.566945633629497,34.371158545747804,18.11147813441061,37.90005887907502,30.127565186411147
"[9364,55222]_patch_4_5",0.9221450940932279,0.557991019515357,0.9381047242743982,0.8060802792943277,0.017505233874971802,0.6230220916704378,0.9822253754863343,0.5409175670105814,32.64732111504118,17.56009914506025,36.78187311618659,28.99643112542934
"[9364,55222]_patch_4_6",0.9149967983932692,0.629593045880643,0.9324177933383879,0.8256692125374334,0.3322526614253074,0.6257672724076293,0.9817453848668709,0.6465884395666025,30.04767684020454,18.920947732906896,36.96318186012634,28.643935477745927
"[9364,55222]_patch_4_7",0.8043957227095619,0.6965932559341862,0.9358551929958459,0.8122813905465313,0.5174896534354363,0.5746474438281173,0.9814963598412275,0.6912111523682604,27.053493475604714,19.987996526865185,37.54904413993465,28.19684471413485
"[9364,55222]_patch_4_8",0.6919734384080373,0.8207161437785057,0.915952098044574,0.8095472267437057,0.7171365393345265,0.5061897072900309,0.9799468161845932,0.7344243542697169,22.2502646982069,22.737061532693815,34.73255461660203,26.57329361583425
"[9364,55222]_patch_5_0",0.7015682611089131,0.9220936478903061,0.9351185413238163,0.8529268167743451,0.6602965316201391,0.6160259798564756,0.9751603542571545,0.7504942885779231,28.516698589596338,27.14828268474065,37.549713629622694,31.07156496798656
"[9364,55222]_patch_5_1",0.691204384546952,0.9096659576236528,0.9372433907646138,0.8460379109784061,0.726105166443665,0.6890648658324574,0.977700631205676,0.7976235544939329,27.7405387107536,27.014063902087525,37.90954221881117,30.888048277217433
"[9364,55222]_patch_5_2",0.8816198109877234,0.8312486375778135,0.940812332792505,0.8845602604526807,0.8709072097298618,0.6148819921592257,0.9793816563458645,0.8217236194116507,31.33205184106916,24.307107763808176,38.20696847523592,31.282042693371086
"[9364,55222]_patch_5_3",0.9573539361854799,0.8001115406162165,0.9516960524616416,0.9030538430877794,0.8537205521141744,0.5973089964939539,0.9829177747967824,0.8113157744683036,34.05970648559478,22.44363551346091,39.851335197214794,32.11822573209016
"[9364,55222]_patch_5_4",0.99589351090977,0.7235732719102388,0.9513862923462517,0.8902843583887535,0.0001306521274055124,0.6807912974928825,0.9842093710599351,0.5550437735600743,47.88913234969559,19.73649669940466,39.18610057883689,35.60390987597905
"[9364,55222]_patch_5_5",0.9944951014047726,0.5822015544821711,0.9421697729978425,0.8396221429615954,0.023821149038839085,0.6393148682905875,0.9822394023882576,0.548458473239228,53.99718529268639,17.54729236225221,36.7076248258746,36.08403416027107
"[9364,55222]_patch_5_6",0.9284633609363876,0.5774821941496491,0.9336002349372698,0.8131819300077688,0.48382997187292975,0.6334051989095971,0.9814831982385224,0.6995727896736831,29.502911276259177,17.935155150540663,36.06867938783317,27.835581938211003
"[9364,55222]_patch_5_7",0.8916814005346239,0.6345901838624874,0.936868612185941,0.8210467321943508,0.40671324450721197,0.6314582255301591,0.9822428001319315,0.6734714233897675,28.35590587885436,18.53601453748697,36.72734551478282,27.873088643708048
"[9364,55222]_patch_5_8",0.8817874716057303,0.7124724352568033,0.9354989216830988,0.8432529428485441,0.7317452667348812,0.6925787379372562,0.9827894179141118,0.8023711408620829,29.914399920949606,19.37772612630536,36.60186319471015,28.631329747321704
"[9364,55222]_patch_6_0",0.554708238030986,0.9212729517241471,0.9394004013908512,0.8051271970486615,0.472499584126541,0.6442774844350768,0.9763298200227466,0.6977022961947882,27.40804672214579,27.855986414845063,38.210599978746664,31.15821103857917
"[9364,55222]_patch_6_1",0.6189551076788523,0.9325113981267947,0.9359058620975922,0.829124122634413,0.6281858007018517,0.6593678354187433,0.9780209605252387,0.7551915322152779,27.31098206432092,29.301703537628452,37.4492349945443,31.35397353216456
"[9364,55222]_patch_6_2",0.7431544077467778,0.868247670601718,0.9269101940600792,0.8461040908028584,0.8065989948299376,0.6552847907098862,0.9777960257522924,0.8132266037640387,25.515995883154293,26.400203759658062,36.5436752561449,29.486624966319084
"[9364,55222]_patch_6_3",0.8352855774408753,0.8473294351454427,0.9473492561262519,0.8766547562375232,0.7792157894806427,0.6110085585851341,0.981437984248169,0.7905541107713153,30.80230695148615,24.549041093940097,38.781730123740125,31.377692723055457
"[9364,55222]_patch_6_4",0.9428940374933645,0.8225918993447128,0.9557610400689944,0.9070823256356905,0.6557229316607945,0.6367900478830097,0.983360850980418,0.7586246101747407,34.303896389845725,23.193359836438137,40.18342450137005,32.56022690921797
"[9364,55222]_patch_6_5",0.977422146264246,0.7588507227045787,0.9504642241451,0.8955790310379749,0.6061845834792802,0.6474590357650208,0.98424720784931,0.7459636090312037,36.778844317269716,20.614180903884144,39.54335478140957,32.31212666752114
"[9364,55222]_patch_6_6",0.9554053051307616,0.7077152453063348,0.9454424904150244,0.8695210136173737,0.6471394138023511,0.6225174554052896,0.9834536199702357,0.7510368297259588,32.105573197755575,19.47501633419265,38.604219669919104,30.06160306728911
"[9364,55222]_patch_6_7",0.9412465137280707,0.7380723760070399,0.9513726524015553,0.876897180712222,0.6691362952692843,0.6511618170131475,0.9828250382854081,0.7677077168559466,32.87908772819939,19.935992339332692,39.284410789447946,30.69983028566001
"[9364,55222]_patch_6_8",0.9502769027491234,0.7459346745107677,0.9476744100156561,0.881295329091849,0.04892909898763099,0.7229558048553877,0.9834643575457763,0.5851164204629317,47.5583291084493,20.219119778701117,38.73133394719335,35.50292761144792
"[9820,48478]_patch_0_0",0.9575020746323296,0.6139797916857336,0.9484507693559382,0.839977545224667,0.07274531464413696,0.5484500360963779,0.9848358846890456,0.5353437451431868,38.16759030697651,18.98655865482826,37.266466367082636,31.473538442962468
"[9820,48478]_patch_0_1",0.946455079659355,0.6249854416192826,0.9438181541457513,0.8384195584747962,0.28296672473347745,0.5979657208401257,0.9851109610687617,0.6220144688807884,27.124026981903214,19.313169917580154,36.18289030545683,27.5400290683134
"[9820,48478]_patch_0_2",0.9312476989948921,0.6586753479099712,0.94133108628567,0.8437513777301778,0.5991775669283871,0.5250622180786069,0.9853884914207193,0.7032094254759044,26.55951769050453,19.685714790421564,35.740000227263714,27.32841090272994
"[9820,48478]_patch_0_3",0.9299558775758108,0.7160342746558586,0.9476486807856377,0.8645462776724356,0.4499697288657079,0.45214627148313624,0.9865750225349713,0.6295636742946051,27.758925848039382,21.1104158756099,36.40182343048716,28.42372171804548
"[9820,48478]_patch_0_4",0.8890682022668795,0.7797926849463149,0.9529068011435329,0.8739225627855758,0.3437197603682691,0.48405534703722497,0.98707377665164,0.6049496280190447,26.951150319545206,22.41140149884724,37.8316966916463,29.06474950334625
"[9820,48478]_patch_0_5",0.8895630021865043,0.8315292839994068,0.9540986630931985,0.8917303164263698,0.37554392691121324,0.5718506912713324,0.9859974596905896,0.6444640259577118,28.720330640845898,24.214930973702565,38.79193084579135,30.575730820113268
"[9820,48478]_patch_0_6",0.7822523863736607,0.864546692890668,0.9496947264293719,0.8654979352312334,0.1579402189346414,0.5252647019849263,0.9844391292570993,0.555881350058889,30.853559621019834,25.67813123717572,38.11612190963081,31.549270922608788
"[9820,48478]_patch_0_7",0.651558177341675,0.8952307628712122,0.9451181244569093,0.8306356882232655,0.1230408861830139,0.4501195108084135,0.9836228666600112,0.5189277545504796,26.73465142381987,25.709082668390497,38.298306024479125,30.24734670556316
"[9820,48478]_patch_0_8",0.655821150336581,0.8943274702715983,0.9445547728272352,0.8315677978118048,0.10443069100236858,0.5444362106674413,0.9834920174671808,0.5441196397123302,24.33289137379252,25.537363002748627,38.91082180166616,29.59369205940244
"[9820,48478]_patch_1_0",0.9509853903814204,0.7684568159275881,0.9513747879330647,0.8902723314140243,0.09773663340867741,0.6010728218133868,0.9846562577015994,0.5611552376412212,39.607416938716,21.90217691911998,39.00376663873998,33.50445349885865
"[9820,48478]_patch_1_1",0.9358267376260082,0.7701032451446433,0.950742511860408,0.8855574982103532,0.37203561153785675,0.5886442037710704,0.9859190690351566,0.6488662947813612,27.455757961451287,20.706048221580808,38.15458262091447,28.772129601315523
"[9820,48478]_patch_1_2",0.934002939814142,0.7005054805976606,0.9486633048739496,0.8610572417619173,0.6220926879640556,0.4860997209831137,0.9855931823081093,0.6979285304184262,26.47878787231571,19.97025544377332,36.83264159825591,27.76056163811498
"[9820,48478]_patch_1_3",0.925815515064702,0.7047278586298232,0.9544102897441574,0.8616512211462276,0.17902615490641235,0.433374220224476,0.9860592177179951,0.5328198642829611,27.292106578803267,20.628865767112195,37.65659995534974,28.525857433755068
"[9820,48478]_patch_1_4",0.9026772264249202,0.7946690762324893,0.960966317469118,0.8861042067088425,0.3162736456739782,0.4904993719763231,0.9857599110684614,0.5975109762395876,27.982928066811603,22.770380997697785,39.93465745127025,30.229322171926544
"[9820,48478]_patch_1_5",0.7696279494022598,0.838847130198021,0.9554761143441464,0.8546503979814757,0.3298522937823788,0.5774632305729832,0.9850458538094538,0.6307871260549386,29.06645751589195,24.18603021959822,39.41655386884537,30.889680534778517
"[9820,48478]_patch_1_6",0.6177075663298829,0.8772795725837957,0.938859650967095,0.8112822632935912,0.551631066602846,0.5858831768448165,0.984069991915271,0.7071947451209778,26.864505166876654,26.069360576612773,36.71319502096948,29.882353588152966
"[9820,48478]_patch_1_7",0.5777430667493866,0.9156205741224763,0.9348952422674203,0.8094196277130944,0.5202619116710341,0.5668723526085827,0.9833393807100225,0.6901578816632131,23.6820090106607,27.439920675143785,37.71763438780698,29.613188024537155
"[9820,48478]_patch_1_8",0.5611297993367469,0.924167843992241,0.9410098158442199,0.808769153057736,0.19655490364043224,0.7103909364678667,0.9836354043090576,0.6301937481391189,23.350478881725536,29.067052476340383,40.22902205576376,30.88218447127656
"[9820,48478]_patch_2_0",0.8976735155886402,0.9054078593114033,0.9470927754343871,0.9167247167781435,0.08400510271239424,0.5673328456337966,0.9841776924837252,0.5451718802766387,31.406047277418978,25.928613079332685,40.31370773847201,32.54945603174122
"[9820,48478]_patch_2_1",0.9415439270747139,0.8518416401372897,0.9498469700429915,0.914410845751665,0.026330424874625974,0.5123355112956064,0.9843126427206397,0.5076595262969573,31.758000064935587,23.078000248459773,38.89118251800629,31.242394277133883
"[9820,48478]_patch_2_2",0.8995025191305049,0.8069400239415075,0.9511293982596315,0.8858573137772147,0.08990733236563768,0.5046287308370581,0.9864013140666467,0.5269791257564475,29.14260489839508,22.329889927084828,37.971513418865946,29.814669414781957
"[9820,48478]_patch_2_3",0.883337627970764,0.850711723857612,0.9596546844042035,0.8979013454108599,0.06041488773472161,0.5283350057676912,0.9842189729226584,0.5243229554750237,30.48865860840675,24.039833419649085,40.62685778403713,31.718449937364323
"[9820,48478]_patch_2_4",0.9005070259724239,0.8633849036122562,0.9632242931151319,0.9090387408999373,0.0016716684887214718,0.5094653613167541,0.9850683466839244,0.49873512549646665,34.8066933372113,24.579437121549713,41.715206700926764,33.700445719895924
"[9820,48478]_patch_2_5",0.711260004320298,0.874770681190915,0.9532139254175259,0.8464148703095796,0.44227620187729516,0.5925101435347448,0.9857326065951967,0.6735063173357455,32.20869852129066,25.352232628010366,39.39436895397056,32.318433367757194
"[9820,48478]_patch_2_6",0.6059739418306918,0.9052909955069001,0.9366809862012996,0.8159819745129638,0.7598310601453888,0.5845294438189511,0.9820592521589449,0.775473252041095,27.208246069238292,27.0727629216568,37.226356346536434,30.502455112477175
"[9820,48478]_patch_2_7",0.6488295364852016,0.922108712717132,0.9358829944664248,0.8356070812229195,0.6716880057050436,0.46971160272417994,0.9820587114618825,0.707819439963702,24.742879830655696,28.080561958296045,38.39207912039294,30.40517363644823
"[9820,48478]_patch_2_8",0.6348050021628885,0.9318409826287283,0.9395342496926167,0.8353934114947444,0.28503332142395776,0.5087221863417026,0.979122432393058,0.5909593133862394,22.71027149468707,30.33584681442441,40.07531842086835,31.040478909993272
"[9820,48478]_patch_3_0",0.9393024894634343,0.9759047514428981,0.9440689575121953,0.9530920661395093,0.8977515866377873,0.4676450296083548,0.9866847785651924,0.7840271316037782,32.17969202774277,32.854915992806326,40.54425292791153,35.192953649486874
"[9820,48478]_patch_3_1",0.9134484654947248,0.8588592714810851,0.9422197904533953,0.9048425091430684,0.7626396643706396,0.5169856273702019,0.9867310588107976,0.7554521168505465,26.320950509198198,23.5517017989934,37.16362037441945,29.01209089420368
"[9820,48478]_patch_3_2",0.8794028562723911,0.8086654966908497,0.9485625082485214,0.878876953737254,0.034318869996473524,0.4733371966189904,0.986890599848018,0.498182222154494,26.671572720733195,22.41941275108911,38.06664202086634,29.052542497562882
"[9820,48478]_patch_3_3",0.843509146204556,0.8767517518649139,0.9573564419758389,0.8925391133484363,0.1089101232659917,0.4429410830657795,0.9839187625648115,0.5119233229655276,28.594293100351756,25.745035086506647,40.60984882852311,31.649725671793835
"[9820,48478]_patch_3_4",0.8374293313060999,0.8530727928950551,0.9605004181403164,0.8836675141138238,0.0002437546575672479,0.5052820689216958,0.9848726482370156,0.4967994906054262,31.416601995335363,24.55913179553964,40.822604322767035,32.266112704547346
"[9820,48478]_patch_3_5",0.7124689087002346,0.8666550975784175,0.9487868543608973,0.8426369535465165,0.40760700587191956,0.5422746317222782,0.9860869028058039,0.6453228468000005,31.26060778621895,24.30395926112318,38.429408808678254,31.331325285340128
"[9820,48478]_patch_3_6",0.6714663634013949,0.9101015233590093,0.9393937173363714,0.8403205346989252,0.5619569786858336,0.5117431624212142,0.9807509499292291,0.6848170303454256,26.987249020035033,25.569052475266034,37.931155903423345,30.162485799574807
"[9820,48478]_patch_3_7",0.637748687150977,0.9173592485089519,0.9380555795629965,0.8310545050743084,0.44129194955636913,0.5045012386736231,0.9817941315735409,0.6425291066011777,25.448509932672767,26.149797788749037,38.4817835524987,30.026697091306833
"[9820,48478]_patch_3_8",0.5818896544340777,0.9376149058977953,0.9330426674887314,0.8175157426068681,0.5854667934748207,0.5498090426700586,0.9832644939678871,0.7061801100375887,24.965931040009714,30.507469975621127,36.94963377661726,30.8076782640827
"[9820,48478]_patch_4_0",0.8631019503409106,0.946087947436496,0.9366168468106623,0.9152689148626897,0.9022012187377638,0.48290086504314295,0.9840879428807117,0.7897300088872061,26.62936079196382,29.70207376330571,37.116701526961656,31.149378694077058
"[9820,48478]_patch_4_1",0.776123567615472,0.8581884244344681,0.9443062588376657,0.8595394169625353,0.6644686024794154,0.48797017809153415,0.9853633291841094,0.7126007032516863,22.83908848327961,23.710183832687587,37.43113844052582,27.993470252164343
"[9820,48478]_patch_4_2",0.7743245984671118,0.812172335738484,0.9487661518285311,0.845087695344709,0.11588893025883472,0.4349073482245469,0.9845596963107088,0.5117853249313634,22.054624918855627,22.10895807558167,38.397746421028216,27.520443138488503
"[9820,48478]_patch_4_3",0.854218878854071,0.8354520172696457,0.9549510019749231,0.8815406326995466,0.08711046996260095,0.4770283011947653,0.983729575309082,0.515956115488816,24.6694383398143,23.55872335001252,39.82882154339762,29.352327744408147
"[9820,48478]_patch_4_4",0.9064542792508897,0.8176731460327714,0.9582675632985107,0.894131662860724,0.2217251933225795,0.5376094065504964,0.9846603224369062,0.581331640769994,34.412380644631405,23.616612127913026,40.11305300132017,32.71401525795486
"[9820,48478]_patch_4_5",0.7934950017188847,0.8524916077801509,0.9503588990677247,0.8654485028555867,0.6607007701415105,0.557564222130246,0.9853581675452291,0.7345410532723285,28.619879622868936,24.251848966547374,38.59673632920319,30.4894883062065
"[9820,48478]_patch_4_6",0.7542951911538155,0.9241463480583642,0.9402993578948775,0.872913632369019,0.5833933788757618,0.6050177194657865,0.9848284102014548,0.7244131695143343,25.89449015284739,26.85260592092774,38.504633096106154,30.417243056627097
"[9820,48478]_patch_4_7",0.6532869584418167,0.9459690636471975,0.9423810845681473,0.8472123688857205,0.48263422333252903,0.5198778093155441,0.983478167692113,0.6619967334467286,26.42707906826854,27.940400316965622,41.18421548343569,31.850564956223284
"[9820,48478]_patch_4_8",0.5742710128849665,0.951155148816202,0.9351637157346104,0.8201966258119263,0.6763064360846565,0.47585229391515016,0.9838800830057868,0.7120129376685312,25.462167898271865,31.01029295158021,37.31391494689955,31.262125265583876
"[9820,48478]_patch_5_0",0.7778708134224965,0.9397757716430137,0.9329957356673497,0.8835474402442868,0.8074004351702411,0.5478838035221014,0.9799227159329142,0.7784023182084189,26.111240794334574,29.744901769601235,36.156342692834095,30.670828418923303
"[9820,48478]_patch_5_1",0.7225497225742871,0.9330968135686507,0.9376414609728101,0.864429332371916,0.763797754898131,0.4859945635816551,0.9815221400896696,0.7437714861898185,24.502501582148998,27.610441475899734,36.422823619969144,29.511922226005954
"[9820,48478]_patch_5_2",0.7015041477108112,0.8979091373328203,0.9419643490315723,0.8471258780250679,0.721309893881096,0.5336661907843634,0.9816696893226964,0.7455485913293852,23.785093494164627,25.55705324795651,37.11013881119142,28.81742851777085
"[9820,48478]_patch_5_3",0.7621168180629748,0.884784937166766,0.9464039734600882,0.8644352428966097,0.7106998691697558,0.5419267893196138,0.9824451095463228,0.7450239226785641,24.654020566221945,25.52274619202793,38.03799817812857,29.40492164545948
"[9820,48478]_patch_5_4",0.8975797913386622,0.8607245034584055,0.9488664843473196,0.9023902597147956,0.9100364557231153,0.6256779974920162,0.9835979729413287,0.8397708087188201,31.30272813019362,24.48427921363297,38.38930362725874,31.392103657028443
"[9820,48478]_patch_5_5",0.8672305604312225,0.8848078032962934,0.9342202492027206,0.8954195376434121,0.8718071590962042,0.6529654585182066,0.9840771875662407,0.8362832683935505,28.24420594999475,25.63309843003588,35.92344019046997,29.933581523500198
"[9820,48478]_patch_5_6",0.7767829987511807,0.9286152488703056,0.9283983603932119,0.877932202671566,0.7992186600144506,0.6051455888734514,0.9846524004722365,0.7963388831200461,25.8451618210771,30.18820382012884,35.72468905025319,30.586018230486378
"[9820,48478]_patch_5_7",0.6731588706915806,0.9461425211025968,0.9409533840432015,0.8534182586124596,0.7131834415484862,0.5966886814086637,0.9825550733536141,0.7641423987702547,25.82921722449225,30.914721116298246,39.69552870651914,32.14648901576988
"[9820,48478]_patch_5_8",0.7001908657514435,0.9614481902492547,0.9395167812459748,0.8670519457488911,0.7250526783170957,0.5033716933367473,0.9841277711745139,0.7375173809427856,27.669634733107472,30.774087611834872,38.50727914130462,32.317000495415655
"[9820,48478]_patch_6_0",0.7956045130367866,0.9284160727693931,0.9295003869898935,0.8845069909320245,0.8062313315260228,0.5641186523108135,0.9784925051318004,0.7829474963228789,28.40830017656733,28.114085741851067,35.57394889105801,30.698778269825468
"[9820,48478]_patch_6_1",0.7880480087622842,0.9440029092124045,0.9243611445373101,0.8854706875039996,0.8012783769478035,0.6832250325073014,0.977800778196991,0.8207680625506986,28.199376928749484,29.13120388201223,35.23762801015459,30.856069606972103
"[9820,48478]_patch_6_2",0.8042189048959126,0.9192703451121788,0.934280853156984,0.8859233677216918,0.8372279940052076,0.621364447725427,0.9803694751119164,0.8129873056141838,29.097518121995737,27.831538029572926,35.998739322196045,30.975931824588233
"[9820,48478]_patch_6_3",0.8126798445124488,0.8968681924703399,0.929582165942685,0.8797100676418245,0.8521772904762064,0.6885192697250613,0.9805437407614629,0.8404134336542435,28.88352695119552,24.905540931044577,35.89063966976642,29.89323585066884
"[9820,48478]_patch_6_4",0.7595207563610613,0.8751338870291652,0.9016861230257799,0.8454469221386688,0.8587598129381205,0.7329106210652652,0.9792494242703835,0.8569732860912564,25.415886631351135,23.651093721318077,33.56150685108374,27.54282906791765
"[9820,48478]_patch_6_5",0.6522570139332717,0.9024210763137834,0.8563388585527858,0.8036723162666136,0.8040381731128663,0.6926068118712286,0.9783223378790604,0.8249891076210517,22.595533193041753,25.11581936929156,30.245959984204084,25.9857708488458
"[9820,48478]_patch_6_6",0.7165679589511805,0.9262292574398692,0.8952085050871681,0.8460019071594059,0.790097042273406,0.6146260677530904,0.9826984097751134,0.7958071732672033,23.970028749377743,28.530270841294353,31.651578277883303,28.050625956185133
"[9820,48478]_patch_6_7",0.7888328322031045,0.9320230242657768,0.9360298979951402,0.8856285848213407,0.7961509925317625,0.5996810068658514,0.9812019919042224,0.7923446637672787,26.902244796696554,29.635961554079433,37.104336707266995,31.21418101934766
"[9820,48478]_patch_6_8",0.7941758873185328,0.9528081765352517,0.9341896117473851,0.8937245585337233,0.8444642585710943,0.6165317170451513,0.9811671020555176,0.814054359223921,29.605499663943124,30.39528639705335,36.59497264112048,32.198586234038984
